{"type":"FeatureCollection","features":[{"type":"Feature","id":0,"geometry":{"type":"LineString","coordinates":[[105.22712529000006,-5.5406610389998869,0,null],[105.22744053300003,-5.5408818359999481,0,null],[105.22803934700002,-5.5409131659999646,0,null],[105.2287326620001,-5.5408182180000134,0,null],[105.22929994700004,-5.5408179979999952,0,null],[105.22961516500001,-5.5409756759999853,0,null],[105.22986738900001,-5.5412280589999066,0,null],[105.23021428500003,-5.5417960019999137,0,null],[105.23043510800009,-5.5423324339999782,0,null],[105.23081345500005,-5.5427425659999843,0,null],[105.23112875000001,-5.5430896029999213,0,null],[105.23153850700008,-5.5432156829999615,0,null],[105.23194819400005,-5.5431524029999659,0,null],[105.23238934100004,-5.5429628720000048,0,null],[105.23286199600007,-5.5427417640000067,0,null],[105.2332401370001,-5.542615375999941,0,null],[105.23371281500003,-5.5424573900000143,0,null],[105.23415399900004,-5.5423625359998931,0,null],[105.23450067600004,-5.5423623999999707,0,null],[105.23475285200003,-5.5424885399999271,0,null],[105.23503657200006,-5.5426777859999534,0,null],[105.23528886400005,-5.5430879649999634,0,null],[105.23550968600003,-5.5436243959999389,0,null],[105.23579353200007,-5.5441292409999656,0,null],[105.23604574800007,-5.5443500589999397,0,null],[105.23636098300004,-5.5445392939999651,0,null],[105.23670769700003,-5.5446338349999715,0,null],[105.23705437300003,-5.5446336969999601,0,null],[105.23730647800002,-5.5445704729999692,0,null],[105.2376530400001,-5.5442862969999043,0,null],[105.23803114400002,-5.5440652239999091,0,null],[105.23844068600008,-5.5436547809999661,0,null],[105.23910242100003,-5.5434020369999262,0,null],[105.23973265400012,-5.5431808619999225,0,null],[105.24026831200003,-5.5428966039999397,0,null],[105.24075225900002,-5.5426823089999724,0,null],[105.24130905300008,-5.5425895079999323,0,null],[105.24193723100009,-5.5426608929999768,0,null],[105.242651069,-5.5428393529999989,0,null],[105.24322815500005,-5.5430991769999141,0,null],[105.24388601000004,-5.5433747299998872,0,null],[105.24482498400002,-5.5434904529999587,0,null],[105.24586950400003,-5.5434900189999228,0,null],[105.24642896800005,-5.5435432939999787,0,null],[105.24644315300006,-5.5435635999999713,0,null],[105.24644948500006,-5.543574173999958,0,null],[105.24646016800004,-5.5435970559999861,0,null],[105.24646790000007,-5.5436210139999256,0,null],[105.24647052900011,-5.5436331829999554,0,null],[105.24647213200006,-5.5436453999999893,0,null],[105.24647245500009,-5.5436576179999344,0,null],[105.24647126600007,-5.5436699959999816,0,null],[105.24646882400005,-5.5436823359999368,0,null],[105.24646143500006,-5.5437069209999281,0,null],[105.24645211800001,-5.5437314029999998,0,null],[105.24642687500004,-5.5437921969999673,0,null],[105.24641814000003,-5.5438162209999122,0,null],[105.24641209500007,-5.5438398470000019,0,null],[105.24641081500005,-5.5438514099999816,0,null],[105.24641127600009,-5.5438627249999408,0,null],[105.24641396900005,-5.543874101999994,0,null],[105.24641850100006,-5.5438852179999367,0,null],[105.24643119400005,-5.5439069339999572,0,null],[105.24644663600009,-5.5439282619999455,0,null],[105.24650563700008,-5.5440026879999751,0,null],[105.24652877000004,-5.5440360179998907,0,null],[105.24654794100012,-5.54407143399989,0,null],[105.24657588000012,-5.5441327779999918,0,null],[105.24669435300007,-5.544405061999961,0,null],[105.24671964500003,-5.5444674079999681,0,null],[105.246727987,-5.5444928689999431,0,null],[105.24673424000008,-5.5445182389999994,0,null],[105.24675051600009,-5.5446085330000097,0,null],[105.24675586500008,-5.5446339539999814,0,null],[105.24676284700004,-5.5446586649998943,0,null],[105.24676736800006,-5.5446705779999919,0,null],[105.24677796800005,-5.5446916829999617,0,null],[105.24680882800003,-5.5447429529999406,0,null],[105.24682099400006,-5.5447668549999642,0,null],[105.24683200500009,-5.5447914529999567,0,null],[105.24686723500007,-5.5448795499999628,0,null],[105.24694007900005,-5.5450710699999108,0,null],[105.24695044700012,-5.5450956169999879,0,null],[105.24696197300008,-5.5451181749999892,0,null],[105.2469685200001,-5.5451280829999208,0,null],[105.24697587700008,-5.5451365580000003,0,null],[105.24698434800007,-5.5451430469999154,0,null],[105.24699328900002,-5.5451468329999622,0,null],[105.24700317200003,-5.5451488749999536,0,null],[105.24701374200002,-5.5451495639999218,0,null],[105.24702479500004,-5.5451491879998906,0,null],[105.24704771400008,-5.5451459349999768,0,null],[105.24707089700004,-5.5451397539999094,0,null],[105.24708291800006,-5.5451352919999843,0,null],[105.24710658000006,-5.545124564999985,0,null],[105.24712985900004,-5.5451124489999595,0,null],[105.24716417200003,-5.545092963999946,0,null],[105.2471865210001,-5.5450792469999657,0,null],[105.24720813200011,-5.5450645889999075,0,null],[105.24723857500005,-5.5450402250000232,0,null],[105.24727699800005,-5.5450052649999728,0,null],[105.24730410500007,-5.5449776099999051,0,null],[105.24732049000009,-5.5449578919999611,0,null],[105.24733522400007,-5.5449358069999102,0,null],[105.24734844700001,-5.5449125809999424,0,null],[105.24739725000005,-5.5448167009999141,0,null],[105.24741665600006,-5.5447818349999602,0,null],[105.24743133600002,-5.5447602069999471,0,null],[105.24743965000009,-5.5447502969999265,0,null],[105.24744871700004,-5.5447412999999814,0,null],[105.2474687590001,-5.5447250769999714,0,null],[105.24750139300005,-5.5447031259999315,0,null],[105.24766032000005,-5.5446067829999537,0,null],[105.24771586300002,-5.5445709529999201,0,null],[105.24774704100012,-5.5445470379999842,0,null],[105.2477973310001,-5.544499021000008,0,null],[105.24780622700004,-5.5444917589999401,0,null],[105.24782691400007,-5.544478008999957,0,null],[105.24784897700003,-5.5444660759999467,0,null],[105.24787181000005,-5.5444552139999361,0,null],[105.24791871500011,-5.5444358409999319,0,null],[105.24795489700008,-5.5444246289998924,0,null],[105.24798126000005,-5.5444198409999403,0,null],[105.24800806000005,-5.5444168319999578,0,null],[105.24804859600002,-5.5444138629998898,0,null],[105.24808907700009,-5.544412032999916,0,null],[105.24811570500007,-5.5444118939999933,0,null],[105.24814160600008,-5.5444137169999665,0,null],[105.24815407700005,-5.5444159209999713,0,null],[105.24816606200007,-5.5444194429999962,0,null],[105.24817746300003,-5.5444245829999774,0,null],[105.24818837600013,-5.544431042999979,0,null],[105.24820924800008,-5.5444465529999301,0,null],[105.24822939400006,-5.544464017999954,0,null],[105.24825902900002,-5.5444917349999381,0,null],[105.24829796900005,-5.5445296369999655,0,null],[105.24832628400009,-5.5445588119998925,0,null],[105.24834405300004,-5.544579130999975,0,null],[105.24836085400001,-5.5446002119999429,0,null],[105.2494395800001,-5.5460671799999952,0,null],[105.24961662700009,-5.5463060299999514,0,null],[105.2496317630001,-5.5463279169998971,0,null],[105.24964521200006,-5.5463500989999561,0,null],[105.24965080600008,-5.546361388000002,0,null],[105.2496532040001,-5.5463676009998943,0,null],[105.24965524,-5.5463728779999757,0,null],[105.24965808400006,-5.5463846449999723,0,null],[105.24965898900004,-5.5463960859999419,0,null],[105.24965690000005,-5.546419641999937,0,null],[105.24963998900007,-5.5464920179999746,0,null],[105.24963646600004,-5.5465156059999723,0,null],[105.24963623800002,-5.5465270549999426,0,null],[105.24963756300005,-5.5465381579999731,0,null],[105.24964103400006,-5.5465494979999344,0,null],[105.24964624400005,-5.5465604499999523,0,null],[105.24966010400004,-5.5465815940000143,0,null],[105.2496853550001,-5.546612343999894,0,null],[105.24977593700004,-5.5467136239999251,0,null],[105.24984050400005,-5.5467858159999475,0,null],[105.24986839300004,-5.5468147879999465,0,null],[105.24988779500005,-5.5468311999999722,0,null],[105.2498979520001,-5.5468376639999741,0,null],[105.24990856200009,-5.5468423299999161,0,null],[105.24991869100003,-5.5468446120000161,0,null],[105.24992909700009,-5.5468451579999725,0,null],[105.24993957500007,-5.546844150999978,0,null],[105.24994992100004,-5.5468416559999492,0,null],[105.24995992600007,-5.5468376209999706,0,null],[105.24996987600009,-5.5468316969999245,0,null],[105.24997936100009,-5.5468244129999436,0,null],[105.24999744200007,-5.5468073059999492,0,null],[105.25003279200006,-5.5467702759999939,0,null],[105.25005162700002,-5.546753860999968,0,null],[105.25006179000006,-5.5467470959999412,0,null],[105.25007255300007,-5.5467417049999392,0,null],[105.25008387500012,-5.5467375069999472,0,null],[105.25010766400004,-5.5467321269999461,0,null],[105.25013289100008,-5.5467305769999067,0,null],[105.25017234400006,-5.5467337409999908,0,null],[105.25026682500007,-5.5467492149999389,0,null],[105.25030509000003,-5.5467554820000133,0,null],[105.2503445950001,-5.5467606929999116,0,null],[105.25037052300011,-5.5467620610000248,0,null],[105.2503832500001,-5.5467615419999818,0,null],[105.25039573700008,-5.5467598099999273,0,null],[105.25040731700005,-5.5467567939999443,0,null],[105.25042985600005,-5.5467476989999911,0,null],[105.25045184200009,-5.5467360589999162,0,null],[105.25047342000002,-5.5467229759999883,0,null],[105.25050485600003,-5.5467016449999109,0,null],[105.25053407700005,-5.5466782069999256,0,null],[105.25054290000008,-5.5466697159999336,0,null],[105.2505753520001,-5.5466336859999723,0,null],[105.25058374600009,-5.5466265460000033,0,null],[105.25059284800004,-5.5466212369999193,0,null],[105.25060247200012,-5.5466183289999451,0,null],[105.25061283800009,-5.546617217999942,0,null],[105.25062375700011,-5.5466174579999619,0,null],[105.25063507500006,-5.5466187069999764,0,null],[105.25065842500004,-5.5466233069999129,0,null],[105.25068209000005,-5.5466298369999203,0,null],[105.25070535600011,-5.5466380329999767,0,null],[105.25072735800006,-5.5466484499999504,0,null],[105.25073750800001,-5.5466549139999524,0,null],[105.25074724200002,-5.5466627839999818,0,null],[105.25075629000006,-5.546671612999913,0,null],[105.25077299900002,-5.5466911669999321,0,null],[105.25079620200007,-5.5467229529999864,0,null],[105.25092927300007,-5.5469201689999617,0,null],[105.25103054200011,-5.5470564189999552,0,null],[105.25107072400006,-5.5471077519999392,0,null],[105.25108808000007,-5.5471276449998976,0,null],[105.25111577500005,-5.5471567529999968,0,null],[105.25120131600002,-5.5472419259999386,0,null],[105.25124995800005,-5.5472879639999286,0,null],[105.25129090500006,-5.5473213559999381,0,null],[105.25132441200009,-5.5473457980000065,0,null],[105.25140807500007,-5.5474068269999934,0,null],[105.25144037800008,-5.5474296269999259,0,null],[105.25147325900005,-5.5474514999999593,0,null],[105.2515080970001,-5.5474721889999836,0,null],[105.25155540600009,-5.5474984039999322,0,null],[105.25181682200005,-5.5476409789999162,0,null],[105.25182596400002,-5.5476456589999481,0,null],[105.25187678600004,-5.547671674999969,0,null],[105.25190140100004,-5.5476818859999257,0,null],[105.25192663000009,-5.5476892089999099,0,null],[105.25195242400008,-5.5476937509999305,0,null],[105.25203032600005,-5.5477033549999257,0,null],[105.25205487700003,-5.5477086939999234,0,null],[105.2520664350001,-5.5477125999999801,0,null],[105.25207727800003,-5.5477177519999623,0,null],[105.25208656100008,-5.5477238719999358,0,null],[105.252095275,-5.5477310179999941,0,null],[105.25212851100009,-5.5477635909999359,0,null],[105.25214759800006,-5.5477791819999824,0,null],[105.25216960300011,-5.5477930999999794,0,null],[105.25220473000009,-5.5478116049999118,0,null],[105.25244923600007,-5.5479261529999748,0,null],[105.25248616100002,-5.5479426849999216,0,null],[105.25251033100007,-5.5479519959999815,0,null],[105.25252208100005,-5.547955573000011,0,null],[105.25253344900003,-5.5479580099999461,0,null],[105.25254425700003,-5.5479588539999272,0,null],[105.25255426700005,-5.5479575079999934,0,null],[105.25256253600011,-5.5479539159999627,0,null],[105.25256991500002,-5.5479484419999539,0,null],[105.2525763830001,-5.5479415660000067,0,null],[105.25258183800011,-5.5479336659999747,0,null],[105.25258608900002,-5.5479250309999708,0,null],[105.25258885000008,-5.5479158880000137,0,null],[105.25258972100006,-5.5479064059999397,0,null],[105.25258838600004,-5.5478967239999379,0,null],[105.25258525200005,-5.5478868979999243,0,null],[105.25258081200012,-5.5478769669999908,0,null],[105.25254496500008,-5.5478150019999264,0,null],[105.25253927600006,-5.5478030419999138,0,null],[105.25252938900005,-5.5477783630000035,0,null],[105.25252081100004,-5.5477531019999562,0,null],[105.25250943200008,-5.5477147239999782,0,null],[105.25249962500007,-5.5476760239999736,0,null],[105.25249439500007,-5.5476498949999433,0,null],[105.2524849820001,-5.5475837009999731,0,null],[105.25242680700008,-5.5471058869999625,0,null],[105.25242451400007,-5.5470795269999131,0,null],[105.2524237790001,-5.5470534559999765,0,null],[105.25242611500002,-5.5470279529999091,0,null],[105.25242899700008,-5.5470157389999644,0,null],[105.25243749600007,-5.5469918179999391,0,null],[105.2524539490001,-5.5469566229999581,0,null],[105.25252695100002,-5.5468194239999749,0,null],[105.25255889900008,-5.5467593809999807,0,null],[105.25257683400005,-5.5467243419999237,0,null],[105.25259352200001,-5.5466887699999115,0,null],[105.25260826099999,-5.5466515249999384,0,null],[105.25261844200013,-5.5466229899999755,0,null],[105.25262174300005,-5.5466137379999205,0,null],[105.25276897800006,-5.5461830969999051,0,null],[105.25279672400005,-5.5461078309999836,0,null],[105.25283037800007,-5.5460341449999264,0,null],[105.25302511200002,-5.5456328569999416,0,null],[105.25305976200005,-5.5455595640000057,0,null],[105.25309030300009,-5.5454863229999853,0,null],[105.25319074400005,-5.5452283719999587,0,null],[105.25319915000003,-5.5452079789999589,0,null],[105.25321581000009,-5.5451675629999899,0,null],[105.25322712700005,-5.5451439569999019,0,null],[105.25324018900005,-5.5451213099999821,0,null],[105.25326280700006,-5.5450890029999735,0,null],[105.25332669700002,-5.5450053859999828,0,null],[105.2533406470001,-5.5449840839999966,0,null],[105.25335159500013,-5.544962098999954,0,null],[105.25335519800007,-5.5449506799999861,0,null],[105.25335713600005,-5.544939181999923,0,null],[105.25335787200002,-5.5449273999999251,0,null],[105.25335713300005,-5.544891190999949,0,null],[105.25335785500002,-5.5448670019999016,0,null],[105.25335960500007,-5.5448547859999566,0,null],[105.25336994200005,-5.544806943999995,0,null],[105.25337131800006,-5.5447952030000005,0,null],[105.25337127400006,-5.5447835639999257,0,null],[105.25336949600009,-5.5447723189999722,0,null],[105.25336899500006,-5.5447705229999125,0,null],[105.25336637900001,-5.5447611410000244,0,null],[105.25334997100008,-5.5447163189999573,0,null],[105.25334710200011,-5.5447049169999021,0,null],[105.25334552500007,-5.5446927779999635,0,null],[105.25334530900005,-5.5446806839999399,0,null],[105.25334627300003,-5.5446688519999379,0,null],[105.25334835000004,-5.5446575359998898,0,null],[105.25335158100003,-5.5446470429999097,0,null],[105.25335612200006,-5.5446377529999404,0,null],[105.25336225600003,-5.5446301469999328,0,null],[105.25336998500005,-5.5446246420000103,0,null],[105.25340985500006,-5.5446062679999111,0,null],[105.25347614100004,-5.5445710310000154,0,null],[105.25349863400004,-5.5445608679999738,0,null],[105.25352137200005,-5.5445539449999339,0,null],[105.25352950300001,-5.5445530769999509,0,null],[105.25356106600005,-5.5445497059999385,0,null],[105.25357077600005,-5.544547903999967,0,null],[105.25358180300007,-5.5445444349999464,0,null],[105.25359261400008,-5.5445396959999984,0,null],[105.25361379200005,-5.5445275999999746,0,null],[105.2536346080001,-5.5445133799999526,0,null],[105.25372740100005,-5.5444428329999775,0,null],[105.2537592260001,-5.5444209519999434,0,null],[105.25378143800008,-5.544408463999976,0,null],[105.25379216500008,-5.5444035949999284,0,null],[105.25385873000008,-5.5443788689999254,0,null],[105.25388104600006,-5.5443681559999272,0,null],[105.25391426700006,-5.5443474969999054,0,null],[105.25397866700006,-5.5443025360000044,0,null],[105.25400039900008,-5.5442891739999647,0,null],[105.2540114760001,-5.5442834489999351,0,null],[105.25402277300006,-5.5442787049999867,0,null],[105.25403437200004,-5.5442752969999711,0,null],[105.25404658600007,-5.5442734839999988,0,null],[105.25405911400004,-5.544273027999961,0,null],[105.25408479700003,-5.5442746379999166,0,null],[105.25413737300003,-5.5442803939999488,0,null],[105.25415061800007,-5.5442810219999119,0,null],[105.25417570500009,-5.5442802239999347,0,null],[105.25421312800009,-5.5442754909999872,0,null],[105.2542496950001,-5.5442672049999233,0,null],[105.25427296300006,-5.5442588239999404,0,null],[105.25429454100008,-5.5442473389999671,0,null],[105.25431520400009,-5.5442337299999958,0,null],[105.25437600700006,-5.5441897129999953,0,null],[105.25439703300003,-5.5441762639999483,0,null],[105.2544022150001,-5.5441734969999859,0,null],[105.25441982600005,-5.544164091000007,0,null],[105.25446719800006,-5.5441428609999379,0,null],[105.25453967500002,-5.5441142669999701,0,null],[105.25457628700012,-5.5441027039999904,0,null],[105.25460102800012,-5.5440979909999557,0,null],[105.25461405700004,-5.5440971159999721,0,null],[105.25464039700009,-5.5440979029999484,0,null],[105.2546802800001,-5.544102432999968,0,null],[105.25486729400004,-5.5441316289998968,0,null],[105.2549335250001,-5.5441439539999395,0,null],[105.25495919600009,-5.5441507439999684,0,null],[105.25499661000008,-5.5441632119999342,0,null],[105.25504245900005,-5.5441807179999616,0,null],[105.25515686100002,-5.5442243999999343,0,null],[105.25519396100006,-5.544237844999981,0,null],[105.25523146800006,-5.5442491289999376,0,null],[105.25525731000006,-5.5442539859999842,0,null],[105.25528393500005,-5.5442564639999228,0,null],[105.255324294,-5.5442579279999551,0,null],[105.2555948550001,-5.544259713000014,0,null],[105.25563511800006,-5.544261788000008,0,null],[105.25566160600003,-5.5442651669999323,0,null],[105.25568733100003,-5.544271085999978,0,null],[105.25572539400007,-5.5442829199999801,0,null],[105.25595189600007,-5.544364594999899,0,null],[105.25598990600011,-5.5443756299999238,0,null],[105.25601553500009,-5.5443801089999392,0,null],[105.25604109300008,-5.5443808450000001,0,null],[105.25607985200008,-5.5443777349999204,0,null],[105.25632700100002,-5.5443415019999422,0,null],[105.25639213500008,-5.5443337819999252,0,null],[105.2564182440001,-5.5443324479999925,0,null],[105.25644473400008,-5.5443330269999516,0,null],[105.25653745100003,-5.5443408639999783,0,null],[105.25656360600006,-5.5443423139999206,0,null],[105.25658918900004,-5.5443418949999748,0,null],[105.2566015960001,-5.5443404719999458,0,null],[105.25661360800011,-5.5443378279999047,0,null],[105.25662506900008,-5.5443337390000105,0,null],[105.2566361220001,-5.5443285509999365,0,null],[105.25663938000011,-5.5443267869999682,0,null],[105.25667784800001,-5.5443059629999327,0,null],[105.25668785600003,-5.5443023379999881,0,null],[105.25669770700004,-5.5443008519999539,0,null],[105.25670710200002,-5.5443020889999675,0,null],[105.2567166140001,-5.5443058250000101,0,null],[105.25672728800001,-5.5443125629999459,0,null],[105.25673884100007,-5.5443216989999913,0,null],[105.25675179600009,-5.5443338389999299,0,null],[105.2567627120001,-5.5443440679998881,0,null],[105.25680655800008,-5.5443909559999485,0,null],[105.25680895100001,-5.544390227999977,0,null],[105.25681467000004,-5.5443908919999432,0,null],[105.25682292500002,-5.5443930019999401,0,null],[105.25686384000002,-5.5444092339999509,0,null],[105.25687478600004,-5.544412298999938,0,null],[105.25688535200003,-5.5444134419999438,0,null],[105.25689608300003,-5.5444118529999011,0,null],[105.25690554600001,-5.5444078519999254,0,null],[105.25693728800006,-5.5443850729999058,0,null],[105.25694477700006,-5.5443807829999949,0,null],[105.25695199300013,-5.544378177999957,0,null],[105.25695885400008,-5.5443779319999367,0,null],[105.25696578300003,-5.5443807949999071,0,null],[105.25697246700004,-5.5443860149998949,0,null],[105.2569935810001,-5.5444055600000022,0,null],[105.25700186100008,-5.544410284999949,0,null],[105.25700884800004,-5.5444123539999426,0,null],[105.25701626700003,-5.5444131029999157,0,null],[105.25702390400004,-5.544412612999964,0,null],[105.25703155200004,-5.5444109090000007,0,null],[105.25704075200009,-5.5444071579999568,0,null],[105.25704942900011,-5.5444018549999621,0,null],[105.25705732100005,-5.5443952389999476,0,null],[105.25706411500008,-5.5443874560000141,0,null],[105.25706992400002,-5.5443780759999486,0,null],[105.25707934500009,-5.5443582709999975,0,null],[105.25708364000009,-5.544350255999956,0,null],[105.25708422700005,-5.5443491609999542,0,null],[105.25708879200008,-5.5443427249999546,0,null],[105.25709372100005,-5.5443374699999639,0,null],[105.2570987590001,-5.5443336530000034,0,null],[105.25710365100007,-5.5443316150000124,0,null],[105.25710813400008,-5.5443317939999384,0,null],[105.25711266900001,-5.5443353009999621,0,null],[105.25711649300005,-5.5443417019999588,0,null],[105.25711999400008,-5.5443518159999963,0,null],[105.25712287000006,-5.5443601269999734,0,null],[105.25713551800004,-5.544405400999989,0,null],[105.25713976200004,-5.5444163169999152,0,null],[105.2571449470001,-5.5444263769999482,0,null],[105.25715143300002,-5.5444351629999646,0,null],[105.25715967000008,-5.5444424959999496,0,null],[105.25716916000006,-5.544448544000006,0,null],[105.25721071100013,-5.5444684219999631,0,null],[105.2572200110001,-5.5444741199999905,0,null],[105.25724172100003,-5.5444929589999505,0,null],[105.25724838300005,-5.5444978899999144,0,null],[105.25725534600009,-5.5445008629999828,0,null],[105.25726260900007,-5.5445013279999324,0,null],[105.25728833100007,-5.5444958619999243,0,null],[105.25730995300007,-5.5444932939999783,0,null],[105.25733366700008,-5.5444926659999263,0,null],[105.25740846200006,-5.5444935289999977,0,null],[105.25743273600003,-5.5444916879999342,0,null],[105.2574444100001,-5.5444895979999389,0,null],[105.25745562400006,-5.5444863559999371,0,null],[105.25746608500003,-5.5444818579999202,0,null],[105.257505467,-5.5444587149999593,0,null],[105.25751542400012,-5.5444538139999091,0,null],[105.25752571800008,-5.5444502069999659,0,null],[105.25753641200008,-5.5444482969999855,0,null],[105.25754748200011,-5.544447818999946,0,null],[105.25755882200006,-5.5444484349999081,0,null],[105.25758196900003,-5.5444519829999352,0,null],[105.25761677500006,-5.5444609319999651,0,null],[105.25764982000004,-5.5444729079998902,0,null],[105.25768574900009,-5.5444902489999928,0,null],[105.25769527300008,-5.5444928609999424,0,null],[105.25770508900008,-5.5444941909999637,0,null],[105.25771499500011,-5.5444943649999781,0,null],[105.25772479200003,-5.5444934399999015,0,null],[105.2577342700001,-5.5444914089999111,0,null],[105.25775883700001,-5.5444820269999342,0,null],[105.25776673500003,-5.5444794979999026,0,null],[105.25777470500007,-5.5444782449999765,0,null],[105.25778408300005,-5.5444789099999428,0,null],[105.25779375100005,-5.544481301999963,0,null],[105.25782505000006,-5.5444919679999574,0,null],[105.25783678500007,-5.5444947759999232,0,null],[105.25787446700006,-5.544499562999964,0,null],[105.25791396200005,-5.5445015069999473,0,null],[105.25799421200011,-5.5445034999999345,0,null],[105.25803390100003,-5.5445055849999294,0,null],[105.25805958200002,-5.5445083909999839,0,null],[105.25809631200003,-5.5445145629999617,0,null],[105.258107673,-5.5445157239999689,0,null],[105.25811840100009,-5.5445156589999636,0,null],[105.25815196900002,-5.5445089739999434,0,null],[105.25815857100004,-5.5445098200000134,0,null],[105.25816449100009,-5.5445133819999528,0,null],[105.25816978700009,-5.5445190609999786,0,null],[105.2581849850001,-5.544540619999986,0,null],[105.25819080500004,-5.544546805999965,0,null],[105.25819755200007,-5.5445511779999714,0,null],[105.25820483700005,-5.544553053999949,0,null],[105.2582129660001,-5.544553258999966,0,null],[105.25824956400002,-5.5445480639999802,0,null],[105.25825886500007,-5.5445476679999475,0,null],[105.25826791300003,-5.5445486339999386,0,null],[105.25827654000003,-5.5445513129999826,0,null],[105.2582848800001,-5.544555284999956,0,null],[105.25830923300008,-5.5445693579999658,0,null],[105.25831746500005,-5.5445729639999088,0,null],[105.25833114600002,-5.5445757709999635,0,null],[105.25833783600004,-5.5445756129999504,0,null],[105.25836066200006,-5.5445698430000059,0,null],[105.25838175300004,-5.5445672489999689,0,null],[105.25846922100007,-5.5445681839999574,0,null],[105.25848213700007,-5.544567322999975,0,null],[105.25850791700007,-5.5445633359999116,0,null],[105.25855910700005,-5.5445503789999053,0,null],[105.25863546900007,-5.5445273009999498,0,null],[105.25868535500011,-5.544510235999959,0,null],[105.25870905800011,-5.5445000160000015,0,null],[105.25873079900005,-5.5444871910000062,0,null],[105.2587399670001,-5.5444798199999292,0,null],[105.25875677800006,-5.5444632129999762,0,null],[105.25878035300006,-5.5444372329999583,0,null],[105.25879618800003,-5.5444218229999267,0,null],[105.25880438600009,-5.5444154679999338,0,null],[105.25883339000009,-5.5443979839999082,0,null],[105.25883847700007,-5.5443927369999182,0,null],[105.25884236300004,-5.5443850579999046,0,null],[105.25884436000003,-5.5443760859999616,0,null],[105.25884490300007,-5.5443663409999546,0,null],[105.25884431500002,-5.5443562899999224,0,null],[105.25883884700002,-5.5443242929999395,0,null],[105.25883943400007,-5.5443175970000071,0,null],[105.25884241500005,-5.5443102789999346,0,null],[105.2588474340001,-5.5443032449999743,0,null],[105.25885388100002,-5.5442963469999365,0,null],[105.25887694600006,-5.5442750379999497,0,null],[105.25889126,-5.5442586729999279,0,null],[105.2588968000001,-5.5442496739999827,0,null],[105.25891530100003,-5.5442102809999207,0,null],[105.25892076700005,-5.5442007639999327,0,null],[105.25893504500007,-5.5441826129999408,0,null],[105.25897712800008,-5.5441409739999594,0,null],[105.25900754600012,-5.54410472499998,0,null],[105.25902469400003,-5.5440892799999455,0,null],[105.25906142700005,-5.5440597069999855,0,null],[105.25906959400001,-5.5440512489999074,0,null],[105.25907715800011,-5.5440414819999875,0,null],[105.25908389400004,-5.5440309180000016,0,null],[105.25909570700013,-5.5440082129998993,0,null],[105.25912169800006,-5.5439489019999657,0,null],[105.25913274200009,-5.5439271069999387,0,null],[105.25913885400006,-5.5439174649999403,0,null],[105.25914558500008,-5.5439091339999615,0,null],[105.259153166,-5.5439026059999543,0,null],[105.25916127200004,-5.5438985149999711,0,null],[105.25916999900006,-5.5438964179999752,0,null],[105.2591789910001,-5.5438962559999618,0,null],[105.25918786500003,-5.5438978929999196,0,null],[105.25921478100013,-5.5439064659999184,0,null],[105.25922414200001,-5.5439080589999614,0,null],[105.25923424300005,-5.5439079299999507,0,null],[105.25925531200001,-5.543903675999954,0,null],[105.25928825000007,-5.5438941189999627,0,null],[105.25929948200012,-5.5438917779999466,0,null],[105.25931083600008,-5.5438906349999408,0,null],[105.25932301200002,-5.5438911469999832,0,null],[105.25933530000006,-5.5438931319999698,0,null],[105.25936008000006,-5.5439000259999185,0,null],[105.25944733000009,-5.5439337229999532,0,null],[105.259472106,-5.5439420959999355,0,null],[105.25949663800009,-5.5439479899999791,0,null],[105.25952804900002,-5.5439525529999125,0,null],[105.25953975900011,-5.543955684999994,0,null],[105.25955140500008,-5.5439598759999855,0,null],[105.25957457600005,-5.5439703439999635,0,null],[105.25963227500003,-5.5439997750000005,0,null],[105.25965540700008,-5.5440091319998865,0,null],[105.25966700900005,-5.5440123149999723,0,null],[105.25967864800005,-5.5440139849999328,0,null],[105.25968954800005,-5.5440139129999269,0,null],[105.25973370400007,-5.5440075319999318,0,null],[105.25975503200006,-5.5440067459999556,0,null],[105.25978623800006,-5.5440070819999834,0,null],[105.25982290000007,-5.5440039789999931,0,null],[105.25983110400004,-5.544004966999986,0,null],[105.25983982700006,-5.5440083960000033,0,null],[105.25984831700005,-5.5440138279999198,0,null],[105.25988334700011,-5.5440442199999476,0,null],[105.25990219500007,-5.5440579299999273,0,null],[105.25993312800006,-5.5440757699999823,0,null],[105.25995490200008,-5.5440855159999005,0,null],[105.25997750200008,-5.5440926279999561,0,null],[105.25999008500006,-5.5440949749999726,0,null],[105.26001578200005,-5.5440973829999942,0,null],[105.26006729600005,-5.5441000319999469,0,null],[105.26009187500004,-5.5441040030000091,0,null],[105.26010347700011,-5.5441076979999595,0,null],[105.26011419300002,-5.5441127959999372,0,null],[105.26012441700007,-5.5441190919999253,0,null],[105.26014386900007,-5.5441339039999962,0,null],[105.26018073900011,-5.544164946999989,0,null],[105.26019866500009,-5.5441769089999129,0,null],[105.26020751600002,-5.5441807449999638,0,null],[105.26021627300013,-5.5441824419999266,0,null],[105.26022367800002,-5.5441818829999692,0,null],[105.26025584000011,-5.544171675999924,0,null],[105.26026538800001,-5.5441697719999441,0,null],[105.26027447200005,-5.5441691139999785,0,null],[105.2602826080001,-5.5441701119999722,0,null],[105.26028923500012,-5.5441733009999696,0,null],[105.26029368700004,-5.5441786539999685,0,null],[105.26029679100012,-5.5441858279999403,0,null],[105.26030471200006,-5.5442218789999922,0,null],[105.26030761400004,-5.5442304309999892,0,null],[105.26031176500003,-5.5442378809999839,0,null],[105.26031643200005,-5.5442429849999622,0,null],[105.26032199700008,-5.5442474259999743,0,null],[105.26034443300007,-5.5442619729999345,0,null],[105.26036190300009,-5.544270396999921,0,null],[105.26037098400005,-5.5442727879999412,0,null],[105.260397341,-5.5442733569999882,0,null],[105.26041903000002,-5.544275391999979,0,null],[105.26044185400005,-5.5442803149999422,0,null],[105.26046480100008,-5.5442879669999536,0,null],[105.26047610600004,-5.5442929269999199,0,null],[105.26049829200009,-5.5443044889999884,0,null],[105.26056335600006,-5.5443423120000093,0,null],[105.26058504600007,-5.5443525559999687,0,null],[105.260595971,-5.5443564119999325,0,null],[105.26060698000003,-5.5443590199999706,0,null],[105.26061774800003,-5.5443601509999754,0,null],[105.26066063600003,-5.5443600539999673,0,null],[105.26070134300002,-5.544364827000007,0,null],[105.26074035800005,-5.5443624659999005,0,null],[105.26076150100002,-5.5443653259999595,0,null],[105.26079399600005,-5.5443721909999946,0,null],[105.2608311660001,-5.5443773649999786,0,null],[105.26085160800002,-5.54438394399999,0,null],[105.26090183500008,-5.5444048249999414,0,null],[105.26093021700004,-5.5444131159999168,0,null],[105.26096914000006,-5.5444288759998885,0,null],[105.26099282300007,-5.5444342559998896,0,null],[105.26106808000007,-5.5444413499999436,0,null],[105.26109171600008,-5.5444453709999211,0,null],[105.26110264400009,-5.5444485799999201,0,null],[105.26113451300007,-5.5444620859999718,0,null],[105.26114382000013,-5.5444644539999901,0,null],[105.2611725990001,-5.5444689599999188,0,null],[105.26118191500008,-5.5444712110000163,0,null],[105.26121180700007,-5.5444831069999347,0,null],[105.26126388700003,-5.5444952159999596,0,null],[105.26130296600006,-5.5445109869999323,0,null],[105.26131154200006,-5.5445139099999965,0,null],[105.26133046000002,-5.5445181149999891,0,null],[105.26133423200007,-5.5445203369999065,0,null],[105.26133627800006,-5.544523937999938,0,null],[105.26133868900008,-5.5445399150000165,0,null],[105.26134079300009,-5.5445457479999662,0,null],[105.26134499100007,-5.5445518369999371,0,null],[105.2613646290001,-5.5445726519999718,0,null],[105.26141188900002,-5.544629002999927,0,null],[105.26142903900011,-5.5446460130000021,0,null],[105.26143800900005,-5.5446529249999523,0,null],[105.26144731700002,-5.5446581709999423,0,null],[105.26145635000005,-5.5446611760000133,0,null],[105.26146536900009,-5.5446623989999368,0,null],[105.26147398800001,-5.5446619429998991,0,null],[105.26148177800012,-5.5446597879998984,0,null],[105.26148824900011,-5.5446557910000118,0,null],[105.2614933,-5.5446492739999167,0,null],[105.26149642700008,-5.544641064999948,0,null],[105.26149779400002,-5.5446318169999822,0,null],[105.26149741100008,-5.5446220859999764,0,null],[105.26149514300006,-5.5446123659999715,0,null],[105.26149151800003,-5.5446041139999993,0,null],[105.26147635800002,-5.5445794879999157,0,null],[105.26145512200013,-5.5445413769999599,0,null],[105.26144857100012,-5.5445328489999648,0,null],[105.26144068399999,-5.5445251779999518,0,null],[105.26143184200006,-5.5445183329999184,0,null],[105.2613666490001,-5.5444756669999409,0,null],[105.26132909300009,-5.5444599939999764,0,null],[105.26131977000003,-5.5444550910000148,0,null],[105.26128279100008,-5.5444318239999548,0,null],[105.26127307800007,-5.54442651899996,0,null],[105.26125071900009,-5.5444174259999182,0,null],[105.26123916100002,-5.5444139369999847,0,null],[105.26121598900006,-5.5444087009999956,0,null],[105.26119544700005,-5.5444059239999435,0,null],[105.26116538400005,-5.5444050199999575,0,null],[105.26115922000007,-5.544404181999977,0,null],[105.26115047400006,-5.5444011479999924,0,null],[105.26114168000004,-5.5443962649999436,0,null],[105.26112394200008,-5.54438274999998,0,null],[105.26106915000008,-5.5443324189999013,0,null],[105.26105354800004,-5.5443209869999324,0,null],[105.26104975200008,-5.5443182049999686,0,null],[105.26103958900003,-5.5443128199999672,0,null],[105.26102897300004,-5.5443091779999323,0,null],[105.26101753400008,-5.5443076339999822,0,null],[105.26100562200006,-5.5443078809999138,0,null],[105.26099936900007,-5.5443088489999051,0,null],[105.26098084200005,-5.5443117179999648,0,null],[105.26092958300008,-5.5443225729999748,0,null],[105.26091677699999,-5.5443240599999202,0,null],[105.2609041260001,-5.5443242919999394,0,null],[105.26089232000001,-5.5443230150000113,0,null],[105.26088085700005,-5.544320428999975,0,null],[105.26086988300003,-5.5443167419999364,0,null],[105.26085959900006,-5.544312070999994,0,null],[105.26085027900008,-5.5443064539999733,0,null],[105.26084229200005,-5.5442998499999598,0,null],[105.26083612300008,-5.5442921379999435,0,null],[105.26083253200004,-5.5442842830000041,0,null],[105.26083064300006,-5.5442759769999386,0,null],[105.26083058800006,-5.5442757349999185,0,null],[105.2608301110001,-5.5442667959998895,0,null],[105.26083101900009,-5.54425774599994,0,null],[105.26083332300001,-5.5442488550000038,0,null],[105.26083713300007,-5.5442404039999262,0,null],[105.26084302800011,-5.5442320359999444,0,null],[105.26085044200001,-5.5442244309999369,0,null],[105.2608590170001,-5.5442175399999885,0,null],[105.26087868400003,-5.5442059570000071,0,null],[105.26088948300004,-5.5442014279999876,0,null],[105.26091437100006,-5.5441947229999657,0,null],[105.26094048300008,-5.5441907149999894,0,null],[105.26096707600007,-5.5441881389999539,0,null],[105.2610071000001,-5.5441858139999391,0,null],[105.26103361600006,-5.5441853259998988,0,null],[105.26105984600011,-5.5441863449999831,0,null],[105.26107280200003,-5.5441877849999246,0,null],[105.26109817999999,-5.544192951999908,0,null],[105.26114809200004,-5.5442082689999319,0,null],[105.26128416900011,-5.5442564489999215,0,null],[105.26133335400009,-5.5442744769999033,0,null],[105.26136940000005,-5.5442896009999112,0,null],[105.26138103500004,-5.5442953639999439,0,null],[105.26140268700006,-5.5443078939999149,0,null],[105.26143390600006,-5.5443289449999691,0,null],[105.26147368300006,-5.5443595239999235,0,null],[105.26149222600009,-5.5443761619999679,0,null],[105.26150087800009,-5.5443850599999935,0,null],[105.26150936800009,-5.5443949280000107,0,null],[105.26152502200004,-5.5444158849999683,0,null],[105.26155366200003,-5.5444602059999051,0,null],[105.26158701300002,-5.5445173400000138,0,null],[105.26160455700006,-5.5445527340000114,0,null],[105.26162422200008,-5.5446014499999565,0,null],[105.26168844700007,-5.5447744859999739,0,null],[105.26170050100009,-5.5448114689999253,0,null],[105.26170619100012,-5.5448359929999116,0,null],[105.26170768900006,-5.5448481789999429,0,null],[105.26170783300007,-5.5448602899999679,0,null],[105.26170628600003,-5.5448725429999159,0,null],[105.26170334000005,-5.5448847189999464,0,null],[105.26169938,-5.5448968419999725,0,null],[105.26168950100006,-5.5449209900000165,0,null],[105.26166624800001,-5.544969141999915,0,null],[105.26163536800003,-5.545028870999972,0,null],[105.26161548100008,-5.5450632979999783,0,null],[105.26160041000007,-5.5450844079999486,0,null],[105.26159184200007,-5.5450939329999374,0,null],[105.26158283400012,-5.5451021349999943,0,null],[105.26156291000008,-5.5451166489999517,0,null],[105.26154147400008,-5.5451296609999625,0,null],[105.26147516500001,-5.5451667149999198,0,null],[105.26145423300005,-5.545180263999975,0,null],[105.26143524300008,-5.5451957999999282,0,null],[105.26141873300004,-5.545214771999988,0,null],[105.261404279,-5.5452358489999556,0,null],[105.26138445100005,-5.5452693629999752,0,null],[105.2613335650001,-5.5453606729999807,0,null],[105.26131987900004,-5.5453823339999966,0,null],[105.26130465800011,-5.5454021439999481,0,null],[105.26129603000003,-5.5454108169999552,0,null],[105.26128688300007,-5.5454180599999328,0,null],[105.26121598200005,-5.545461169999947,0,null],[105.26120748000007,-5.5454677789999609,0,null],[105.26120145000002,-5.5454738879999335,0,null],[105.26119846900012,-5.5454784169999529,0,null],[105.26119732600003,-5.5454818959999743,0,null],[105.26119796400008,-5.5454839559999671,0,null],[105.26111622100007,-5.5455308079999357,0,null],[105.26109007900003,-5.5455474239999782,0,null],[105.26106965900003,-5.5455625639999875,0,null],[105.26106032600006,-5.545570661999947,0,null],[105.26104281700003,-5.5455887829999364,0,null],[105.26099456000013,-5.5456479209999445,0,null],[105.26097784400007,-5.5456668029999969,0,null],[105.26095963200008,-5.5456838089999829,0,null],[105.26093797700005,-5.545698716999973,0,null],[105.26090256300006,-5.5457171749999015,0,null],[105.26087789200007,-5.5457277349999758,0,null],[105.2608525560001,-5.5457367239999202,0,null],[105.26081505300002,-5.5457463320000047,0,null],[105.2607140760001,-5.5457669919999377,0,null],[105.26069017700007,-5.5457738419999716,0,null],[105.26066810800002,-5.5457832069999471,0,null],[105.26065819400009,-5.5457894339999294,0,null],[105.26064955200009,-5.5457967209999106,0,null],[105.26064163400005,-5.5458050099999747,0,null],[105.26060547000009,-5.5458513929999933,0,null],[105.26059760200005,-5.5458598939998973,0,null],[105.26058903100005,-5.5458674899999929,0,null],[105.2605788060001,-5.5458743999999429,0,null],[105.26056773100007,-5.5458802119998909,0,null],[105.26054387800005,-5.5458896369999602,0,null],[105.26049287000009,-5.545904251999926,0,null],[105.26028302200005,-5.5459567050000027,0,null],[105.26025695500002,-5.5459626519999619,0,null],[105.26023122600012,-5.5459673089999031,0,null],[105.26020623200009,-5.5459692699999765,0,null],[105.26019422100008,-5.5459685090000024,0,null],[105.26018270500001,-5.5459660019999726,0,null],[105.26017201800001,-5.545961495999955,0,null],[105.26016180500005,-5.5459553399999786,0,null],[105.26014230500004,-5.5459399109999454,0,null],[105.26010501100006,-5.5459059869999807,0,null],[105.26008673500006,-5.5458926279999412,0,null],[105.26007770200002,-5.5458883669999439,0,null],[105.26006878599999,-5.5458866019999755,0,null],[105.26006018400008,-5.5458878639999911,0,null],[105.26005186200011,-5.5458916219999468,0,null],[105.26004396300007,-5.5458972769999706,0,null],[105.2600366760001,-5.5459043879999372,0,null],[105.260030251,-5.5459126489999102,0,null],[105.26002501500001,-5.5459218659999623,0,null],[105.26002139400008,-5.5459319429999967,0,null],[105.26001978100003,-5.5459419509999366,0,null],[105.26002013100006,-5.5459634469999388,0,null],[105.26002534800004,-5.5460111799999803,0,null],[105.26002686300008,-5.5460381879999945,0,null],[105.26002775100007,-5.5461200129999257,0,null],[105.26002720100011,-5.5461744809999916,0,null],[105.26002584100009,-5.5462150059999695,0,null],[105.26002356600007,-5.5462415299999437,0,null],[105.26001881200004,-5.5462671209999295,0,null],[105.26001484600006,-5.5462793019999603,0,null],[105.26000956900008,-5.5462907109999273,0,null],[105.26000315700007,-5.5463016689999458,0,null],[105.25998804000007,-5.5463226239999921,0,null],[105.25997105300009,-5.5463425809999558,0,null],[105.25995294000009,-5.5463613609999998,0,null],[105.25993388200003,-5.5463780699999612,0,null],[105.2599239290001,-5.5463850959999208,0,null],[105.25991360100004,-5.546390767999946,0,null],[105.25990438500007,-5.5463942619999687,0,null],[105.25989499400001,-5.546396448999972,0,null],[105.25988559700002,-5.5463973099999544,0,null],[105.25987636100007,-5.5463967359999957,0,null],[105.25986746000004,-5.546394531999991,0,null],[105.25985842800009,-5.5463901929999873,0,null],[105.25984983600009,-5.5463842119999365,0,null],[105.25984154500011,-5.5463770519999658,0,null],[105.25980899000008,-5.5463433509999307,0,null],[105.25979136500004,-5.5463272030000157,0,null],[105.25976953400001,-5.5463126079999627,0,null],[105.25974592600002,-5.5463011379999019,0,null],[105.25973371900007,-5.546296581999969,0,null],[105.25972133500002,-5.5462929739999369,0,null],[105.25970882500006,-5.5462905489999139,0,null],[105.2596964670001,-5.5462895450000085,0,null],[105.25968415600006,-5.5462897979999406,0,null],[105.25967203300003,-5.5462911999999678,0,null],[105.25966025300004,-5.5462937550000015,0,null],[105.25964900500009,-5.5462975779999626,0,null],[105.2596385180001,-5.5463028999999588,0,null],[105.25962911500004,-5.5463098009999081,0,null],[105.25961239400007,-5.546327228999929,0,null],[105.25959733400006,-5.5463474720000052,0,null],[105.25954714300009,-5.5464230309999509,0,null],[105.25953118700001,-5.5464428809999946,0,null],[105.259522422,-5.5464519409999449,0,null],[105.2595032600001,-5.5464677369999196,0,null],[105.25945107100004,-5.546502672999968,0,null],[105.25943107800008,-5.5465177839999749,0,null],[105.25941251700006,-5.5465352309999085,0,null],[105.25936029200008,-5.5465913779999356,0,null],[105.25934125600011,-5.5466077639999591,0,null],[105.25931950400009,-5.5466213079999251,0,null],[105.25928412100009,-5.5466378579999622,0,null],[105.25923495500011,-5.5466572279999662,0,null],[105.25907350200006,-5.5467178669999209,0,null],[105.25903781100004,-5.5467333419999578,0,null],[105.25901582400009,-5.5467453929999779,0,null],[105.25900583600007,-5.5467523899999351,0,null],[105.25899684100003,-5.5467603509999721,0,null],[105.25898911800002,-5.5467693419999167,0,null],[105.25895607400012,-5.5468209589999242,0,null],[105.25894814800009,-5.5468307719999368,0,null],[105.25893033000004,-5.5468490999999434,0,null],[105.25890082100008,-5.5468747269999321,0,null],[105.25880738800008,-5.5469484539999927,0,null],[105.25877688200003,-5.5469738429999618,0,null],[105.25874828900007,-5.5470007929999712,0,null],[105.25870436200007,-5.5470471079999841,0,null],[105.25868610100008,-5.5470634580000047,0,null],[105.25867641900008,-5.5470703519999534,0,null],[105.25866616000012,-5.5470759389999715,0,null],[105.25865497200007,-5.5470799959999519,0,null],[105.25864317500007,-5.5470826859999969,0,null],[105.25861836600006,-5.5470853329999494,0,null],[105.25859260900008,-5.5470858629999933,0,null],[105.25850051,-5.5470840199999296,0,null],[105.25846157000007,-5.5470859740000025,0,null],[105.25843738400002,-5.5470904949999325,0,null],[105.25838749600007,-5.5471058529999597,0,null],[105.25835714100003,-5.54711312899994,0,null],[105.25834258100008,-5.547115468999956,0,null],[105.25831619800003,-5.5471180429999913,0,null],[105.25828972300006,-5.5471183310000152,0,null],[105.25829808500004,-5.5472528479999541,0,null],[105.25830052000006,-5.5473065979999605,0,null],[105.25829999400011,-5.5473466149999853,0,null],[105.25829704500003,-5.5473717879999365,0,null],[105.25828880100006,-5.5474071479999312,0,null],[105.25827688100006,-5.5474413909999223,0,null],[105.25826590000013,-5.5474640569999325,0,null],[105.2582386910001,-5.5475091869999362,0,null],[105.25822600400002,-5.5475320429999622,0,null],[105.25822064200011,-5.5475438619999631,0,null],[105.25821250300007,-5.5475687899999828,0,null],[105.25820673500003,-5.5475946829999048,0,null],[105.2582022110001,-5.5476210879999579,0,null],[105.25818573300006,-5.5477417969999978,0,null],[105.25817931900006,-5.5477819399999442,0,null],[105.25817354100003,-5.5478082419999888,0,null],[105.25816978700009,-5.5478210949999864,0,null],[105.25816056400002,-5.5478446219999791,0,null],[105.25814905800006,-5.5478670099999663,0,null],[105.25814251100005,-5.5478776539999588,0,null],[105.25812752100005,-5.547897244999981,0,null],[105.25811864000011,-5.5479060680000005,0,null],[105.25810905700003,-5.547914032999949,0,null],[105.2580883940001,-5.5479273509999851,0,null],[105.25807750500009,-5.5479324699999646,0,null],[105.25806631500005,-5.5479362459999217,0,null],[105.25805728900009,-5.547938069999895,0,null],[105.25804818200005,-5.5479387939999549,0,null],[105.25803908600001,-5.5479383389999173,0,null],[105.25802816100008,-5.5479361549999142,0,null],[105.2580067980001,-5.5479281489999623,0,null],[105.25797646100007,-5.5479134299998991,0,null],[105.25795825100008,-5.5479063919999385,0,null],[105.25795016800002,-5.5479050950000088,0,null],[105.25794305800007,-5.547906107999915,0,null],[105.25793719700002,-5.5479098369999571,0,null],[105.25793220600005,-5.5479157889999167,0,null],[105.25792778400005,-5.5479233339999192,0,null],[105.25791067700004,-5.5479600170000234,0,null],[105.25790528000005,-5.5479688749999569,0,null],[105.25789884100004,-5.5479768609999072,0,null],[105.25789048900006,-5.5479841779999797,0,null],[105.25788099200008,-5.5479905039999702,0,null],[105.25784978600007,-5.5480079819999064,0,null],[105.25783972900004,-5.5480147739999355,0,null],[105.25783042600007,-5.5480226889999686,0,null],[105.2578135900001,-5.5480411939999899,0,null],[105.25781207200006,-5.5480432559999828,0,null],[105.25779840800008,-5.5480618129999195,0,null],[105.2577846060001,-5.5480833449999247,0,null],[105.25777263400008,-5.548104889999931,0,null],[105.25776398000008,-5.5481254999999488,0,null],[105.25776180600008,-5.5481350509999396,0,null],[105.25776185700008,-5.5481437859999518,0,null],[105.25776446200003,-5.5481514859999672,0,null],[105.25777359600008,-5.5481683049999377,0,null],[105.2577793560001,-5.5481789110000159,0,null],[105.25778301000005,-5.54818967999993,0,null],[105.25778468600001,-5.548201476999929,0,null],[105.25778461200009,-5.5482131599999187,0,null],[105.25778159300002,-5.548232630999931,0,null],[105.25777808900008,-5.5482412379999326,0,null],[105.25779069900007,-5.5483392069999562,0,null],[105.25779606900007,-5.5483696289999864,0,null],[105.25780225500004,-5.5483936509999312,0,null],[105.25781098500006,-5.5484153629999513,0,null],[105.2578168380001,-5.5484250099999501,0,null],[105.2578233090001,-5.5484330249999916,0,null],[105.25784447000008,-5.5484553569999742,0,null],[105.25785045900004,-5.5484634539999336,0,null],[105.25785531999999,-5.5484727199999897,0,null],[105.25785886800011,-5.5484827349999302,0,null],[105.25786119900003,-5.5484932809999146,0,null],[105.25786231400004,-5.5485041819999283,0,null],[105.25786212200002,-5.5485152889999592,0,null],[105.25786036600006,-5.548527384999983,0,null],[105.25785734300007,-5.5485395410000118,0,null],[105.25784385100012,-5.5485761699999339,0,null],[105.2577932280001,-5.5486862579999832,0,null],[105.25776369600005,-5.5487465689999107,0,null],[105.25775044900011,-5.5487696399999544,0,null],[105.25773606500007,-5.5487904309998983,0,null],[105.25772003300008,-5.5488097599998989,0,null],[105.25770210800002,-5.5488270799999997,0,null],[105.25769221400009,-5.5488347309999222,0,null],[105.25767103300002,-5.5488484189999889,0,null],[105.25758037600008,-5.5488966729999847,0,null],[105.25754735200009,-5.5489164709999352,0,null],[105.25753688800003,-5.5489238479999239,0,null],[105.25751658800003,-5.5489405179999709,0,null],[105.25746864500006,-5.5489843969999599,0,null],[105.25744925700006,-5.5489990099999256,0,null],[105.25743929500004,-5.5490045449999394,0,null],[105.25742906800008,-5.5490082589999803,0,null],[105.25741907300005,-5.5490096870000096,0,null],[105.25740901800002,-5.5490092649999747,0,null],[105.25739915900009,-5.5490072469999854,0,null],[105.25738977000012,-5.549003767999964,0,null],[105.25738116400002,-5.5489988469999121,0,null],[105.25737370500012,-5.5489923919999109,0,null],[105.25736977200006,-5.5489871399999204,0,null],[105.25736747600004,-5.5489840739999332,0,null],[105.25734808100003,-5.5489441330000036,0,null],[105.25734267900003,-5.548935705999928,0,null],[105.25733662400006,-5.5489282909999362,0,null],[105.25733005700006,-5.548922197999965,0,null],[105.2573230980001,-5.5489178279999587,0,null],[105.25731584400003,-5.5489156999999603,0,null],[105.25730766000007,-5.5489164369999324,0,null],[105.25729951600002,-5.5489199599999575,0,null],[105.25729171700009,-5.5489257589999044,0,null],[105.25728484600005,-5.5489330619999757,0,null],[105.25727289000012,-5.5489513689999805,0,null],[105.25726368100007,-5.5489729329999884,0,null],[105.25725742800009,-5.5489984209999657,0,null],[105.25725221100001,-5.5490386989999232,0,null],[105.25724749800007,-5.5491069269999729,0,null],[105.25724662600008,-5.5491333589999394,0,null],[105.25724570900009,-5.5491611599999304,0,null],[105.25724709900003,-5.5492012639999624,0,null],[105.25725427800009,-5.5492649819999942,0,null],[105.25725414700008,-5.5492771339999338,0,null],[105.25725256300004,-5.5492889429999339,0,null],[105.25724912700011,-5.5493004059999054,0,null],[105.25724416500006,-5.5493115289999375,0,null],[105.25723808400008,-5.5493224039999491,0,null],[105.25721587100011,-5.5493541669999127,0,null],[105.25708880600008,-5.5495098389999145,0,null],[105.25704846900003,-5.5495625430000119,0,null],[105.25703419500009,-5.5495841979999385,0,null],[105.2570278900001,-5.5495952609999657,0,null],[105.2570223880001,-5.5496065399999219,0,null],[105.25700639900001,-5.5496476389999474,0,null],[105.25700127700011,-5.54965698300001,0,null],[105.25699413500006,-5.5496664419999044,0,null],[105.2569762940001,-5.5496832099999596,0,null],[105.25694463400005,-5.5497054390000224,0,null],[105.25691057800007,-5.5497262709999697,0,null],[105.25674817100005,-5.5498217309999633,0,null],[105.25671424100008,-5.5498429669999441,0,null],[105.25669262300008,-5.5498579919999438,0,null],[105.25667271900002,-5.5498744839998873,0,null],[105.25666382600009,-5.5498836299999335,0,null],[105.25665590400006,-5.5498934729999485,0,null],[105.25662785500005,-5.549935464999959,0,null],[105.25662030100004,-5.549945221999967,0,null],[105.25661190500006,-5.549954051999987,0,null],[105.25660250800007,-5.5499616069999016,0,null],[105.25659220500002,-5.5499681840000017,0,null],[105.25658123300009,-5.5499740429999536,0,null],[105.25655799400003,-5.5499843819999208,0,null],[105.25649742899999,-5.5500078229999064,0,null],[105.25647386800009,-5.5500181349999602,0,null],[105.25645174800003,-5.5500302609999865,0,null],[105.25641616500012,-5.5500557549999643,0,null],[105.25640693100006,-5.5500614049999877,0,null],[105.2563956070001,-5.5500669109999103,0,null],[105.25637143500005,-5.5500754759999973,0,null],[105.25630832900008,-5.5500937049999068,0,null],[105.25628466000006,-5.5501040619999644,0,null],[105.2562517810001,-5.5501242529999475,0,null],[105.25616742700005,-5.5501853919999435,0,null],[105.25613501800004,-5.5502053049999924,0,null],[105.25612383800008,-5.5502106139999876,0,null],[105.25611235400002,-5.5502148509999829,0,null],[105.25610054500002,-5.5502178149999617,0,null],[105.25604001300007,-5.550226514999971,0,null],[105.25602844900001,-5.5502297489998833,0,null],[105.25601796800002,-5.5502340439999722,0,null],[105.25599790500006,-5.5502453719999325,0,null],[105.25595900800003,-5.5502723149999413,0,null],[105.25593902800007,-5.5502848789999151,0,null],[105.25591681900001,-5.5502951949999693,0,null],[105.255868476,-5.5503119449999341,0,null],[105.25585704900004,-5.5503173389999363,0,null],[105.25584662400006,-5.5503237069999303,0,null],[105.25582712400005,-5.5503391179999619,0,null],[105.25580872100004,-5.5503567309999982,0,null],[105.25573803500005,-5.5504339659999937,0,null],[105.25571071200009,-5.5504621689999292,0,null],[105.2556913720001,-5.5504791320000004,0,null],[105.25568194400003,-5.5504860589999518,0,null],[105.25566238400009,-5.5504979849999616,0,null],[105.25564241700005,-5.5505069169999901,0,null],[105.25563245300002,-5.5505098589999671,0,null],[105.25562259400009,-5.5505114149999182,0,null],[105.25561291100009,-5.550511184999988,0,null],[105.25560251700003,-5.5505085089999442,0,null],[105.25559236000008,-5.5505037669999959,0,null],[105.25557252700013,-5.5504902089999399,0,null],[105.25550434500008,-5.5504300919999396,0,null],[105.25548407000008,-5.5504154359999704,0,null],[105.25547351200001,-5.5504096369999347,0,null],[105.25546253000007,-5.5504053609999362,0,null],[105.25545186500008,-5.5504030319999211,0,null],[105.25544083300007,-5.5504019670000107,0,null],[105.25538316799999,-5.5504027119998947,0,null],[105.2553715610001,-5.5504018269999991,0,null],[105.25535902300004,-5.5503996940000002,0,null],[105.25534657400007,-5.5503965359999166,0,null],[105.25532186300008,-5.5503881419999326,0,null],[105.25524841600013,-5.550357282999955,0,null],[105.25522397500006,-5.5503482600000078,0,null],[105.25519947600007,-5.5503421359999452,0,null],[105.25518718400012,-5.550340950999936,0,null],[105.25517475000007,-5.5503414579999779,0,null],[105.2551622830001,-5.5503433659999581,0,null],[105.25514979200005,-5.550346293999934,0,null],[105.25512476200002,-5.5503541269999603,0,null],[105.25508715400011,-5.5503683629999836,0,null],[105.254961376,-5.5504188209998953,0,null],[105.25493597400003,-5.5504279479999399,0,null],[105.25491032800004,-5.5504358169999692,0,null],[105.25488427600001,-5.5504413189999804,0,null],[105.25487119500009,-5.5504427229999189,0,null],[105.25484480100003,-5.5504435329999859,0,null],[105.25478097700008,-5.5504429129999346,0,null],[105.25475924200006,-5.5504456799998971,0,null],[105.25475027600004,-5.5504488689999834,0,null],[105.25474321700007,-5.5504539019999557,0,null],[105.25473840800002,-5.5504613169999475,0,null],[105.25473549600005,-5.5504706170000064,0,null],[105.2547338780001,-5.5504812639999104,0,null],[105.25473144500008,-5.5505301409999577,0,null],[105.25472992100003,-5.5505426899999302,0,null],[105.25472720600008,-5.5505549769999698,0,null],[105.25472299100008,-5.5505667779999692,0,null],[105.25471114800008,-5.550589447999891,0,null],[105.25466648200003,-5.5506552660000077,0,null],[105.25465334200001,-5.5506782799999579,0,null],[105.25464822200011,-5.5506896070000069,0,null],[105.25463961500012,-5.5507130609999935,0,null],[105.25462156400005,-5.5507729439999745,0,null],[105.25461341700007,-5.550795831000003,0,null],[105.25460298600011,-5.5508167059999538,0,null],[105.25459631100009,-5.5508258799999135,0,null],[105.25458789300009,-5.550834330999991,0,null],[105.2545783020001,-5.550841771999985,0,null],[105.25456785200004,-5.5508484719999176,0,null],[105.25453346400003,-5.5508659609999436,0,null],[105.25430033500002,-5.550963517999933,0,null],[105.25426393000002,-5.5509795429999267,0,null],[105.25422842700002,-5.5509970839999569,0,null],[105.2542057590001,-5.5510107549999335,0,null],[105.25418395900007,-5.5510261799999663,0,null],[105.2540683810001,-5.5511179769999233,0,null],[105.2540468600001,-5.5511330829999297,0,null],[105.25402450400011,-5.5511457879999151,0,null],[105.25401280200003,-5.5511506289999604,0,null],[105.25399052000006,-5.5511562049998888,0,null],[105.2539438380001,-5.5511621779999389,0,null],[105.25392047500011,-5.5511662040000056,0,null],[105.25389639800008,-5.5511731089999552,0,null],[105.25384919900009,-5.5511897319999983,0,null],[105.2538257950001,-5.5511956839999579,0,null],[105.25381412700003,-5.5511969709999756,0,null],[105.25380329700002,-5.5511967359999561,0,null],[105.25379256500011,-5.551195237999921,0,null],[105.25377173800007,-5.5511890259999399,0,null],[105.25376185700006,-5.5511844019999126,0,null],[105.25375251600008,-5.5511787009999738,0,null],[105.25374275000007,-5.5511709069999506,0,null],[105.25372506900003,-5.5511522469999166,0,null],[105.25370883400011,-5.5511312649999569,0,null],[105.25369331100006,-5.5511092159999089,0,null],[105.2536486110001,-5.5510412349999685,0,null],[105.2536346580001,-5.5510181409999229,0,null],[105.25362198300012,-5.5509944479999165,0,null],[105.25361155700006,-5.5509706319999887,0,null],[105.25360237100008,-5.5509461989999211,0,null],[105.253557292,-5.550808951999934,0,null],[105.25354357100011,-5.5507733919999227,0,null],[105.25353237600007,-5.5507523349999568,0,null],[105.25352562500005,-5.5507433239999218,0,null],[105.25351772500001,-5.5507358349999238,0,null],[105.25350875900007,-5.5507303610000038,0,null],[105.25349871000013,-5.5507263429999378,0,null],[105.25348785900012,-5.5507234279999631,0,null],[105.25346457200006,-5.5507199349999405,0,null],[105.25344011300008,-5.5507186469999228,0,null],[105.25341522900005,-5.5507192819999753,0,null],[105.2534027920001,-5.5507204639998955,0,null],[105.25337962700004,-5.5507245689999687,0,null],[105.25337812400001,-5.5507248349999019,0,null],[105.25335396800006,-5.5507312419998991,0,null],[105.25333065700008,-5.5507394089999531,0,null],[105.25330880200005,-5.5507497909999239,0,null],[105.2532987260001,-5.5507561720000078,0,null],[105.25327993700006,-5.5507722049999133,0,null],[105.25325330700008,-5.5507986059999661,0,null],[105.2532343060001,-5.550813777999978,0,null],[105.25321386900001,-5.5508262009999401,0,null],[105.2531601570001,-5.5508541849999462,0,null],[105.2531397600001,-5.5508667220000065,0,null],[105.25313030600002,-5.5508738969999785,0,null],[105.25312085700004,-5.5508825659998964,0,null],[105.25310372000004,-5.5509020639999997,0,null],[105.25308039800007,-5.5509343020000026,0,null],[105.25305848700003,-5.5509681729999629,0,null],[105.25304473600005,-5.5509913219999243,0,null],[105.25303240700001,-5.5510150409999328,0,null],[105.25302718700001,-5.5510272129999629,0,null],[105.25301974900002,-5.5510511909999041,0,null],[105.25301735800009,-5.5510633749999352,0,null],[105.25301598900006,-5.5510755899999689,0,null],[105.25301585800005,-5.5510877589999099,0,null],[105.25301699700006,-5.5510987489999311,0,null],[105.25301921900007,-5.5511095699999382,0,null],[105.25302643900004,-5.5511303729999719,0,null],[105.2530313700001,-5.5511401279998909,0,null],[105.25303724700005,-5.5511492389999342,0,null],[105.25304446300002,-5.5511579119999412,0,null],[105.25305257000008,-5.5511657159999652,0,null],[105.25307063300006,-5.5511786399999687,0,null],[105.25308030800007,-5.5511835299999293,0,null],[105.25309029099999,-5.5511870709999558,0,null],[105.25310053400004,-5.5511889130000194,0,null],[105.25311117100004,-5.5511887530000061,0,null],[105.25312196000004,-5.5511868789999399,0,null],[105.25313282400005,-5.5511836949999429,0,null],[105.25315452100007,-5.5511745049999819,0,null],[105.25317576100005,-5.5511626009999739,0,null],[105.25319595200004,-5.5511483419999488,0,null],[105.25320374000006,-5.5511416959999318,0,null],[105.25320585000006,-5.5511398949999604,0,null],[105.253224614,-5.5511215259999505,0,null],[105.25327823400009,-5.5510643449999266,0,null],[105.25329677200003,-5.5510483169999327,0,null],[105.25330646600013,-5.5510419199999363,0,null],[105.25331657400007,-5.5510371619999868,0,null],[105.25332598100005,-5.551034642999956,0,null],[105.25333562600005,-5.5510336309999611,0,null],[105.25334532200004,-5.5510339669999889,0,null],[105.25335488600004,-5.5510355859999452,0,null],[105.25336412100009,-5.5510385130000097,0,null],[105.25337281500002,-5.5510428620000143,0,null],[105.25338182200005,-5.5510496179999516,0,null],[105.25339007100011,-5.5510579170000165,0,null],[105.25340504600011,-5.5510775389999525,0,null],[105.25342550200011,-5.551110833999954,0,null],[105.2534575560001,-5.5511693099999961,0,null],[105.25347498700003,-5.5512048130000027,0,null],[105.25348428100008,-5.5512287059999368,0,null],[105.2534875810001,-5.5512407719999581,0,null],[105.25348963700009,-5.5512530159999942,0,null],[105.25349047000007,-5.5512652279999388,0,null],[105.25349013100004,-5.5512772549999569,0,null],[105.25348855900009,-5.5512889219999453,0,null],[105.25348557800002,-5.5513000259999759,0,null],[105.25348088600008,-5.5513103169999392,0,null],[105.25347425200006,-5.5513195799999062,0,null],[105.25346604300009,-5.5513280149999824,0,null],[105.25345670500012,-5.5513358560000094,0,null],[105.25343596300009,-5.5513504589999743,0,null],[105.25340323000005,-5.5513716769999535,0,null],[105.25338269600003,-5.5513868129999624,0,null],[105.25337352900007,-5.5513951349999404,0,null],[105.25336554000003,-5.5514042429999835,0,null],[105.25335965100008,-5.5514132169999266,0,null],[105.25335487000004,-5.5514228460000128,0,null],[105.25335108300008,-5.5514329729999625,0,null],[105.25334637700004,-5.551454229999945,0,null],[105.25334557900007,-5.5514651759999625,0,null],[105.25334606000011,-5.5514777699999387,0,null],[105.25335030800002,-5.5515031639999082,0,null],[105.25336170000007,-5.5515410289999325,0,null],[105.25337187800002,-5.5515654900000024,0,null],[105.25337792200008,-5.55157725399991,0,null],[105.25338466900011,-5.5515884749999502,0,null],[105.25339983400004,-5.5516099869999538,0,null],[105.25344190700005,-5.551661297999936,0,null],[105.25352827700009,-5.551762080999926,0,null],[105.25355463800005,-5.5517916579999751,0,null],[105.25356536500004,-5.5518015949999979,0,null],[105.25357749400007,-5.5518110939999845,0,null],[105.25359057100009,-5.5518194859999683,0,null],[105.25360412900005,-5.5518261289999851,0,null],[105.25361767300002,-5.5518304759999895,0,null],[105.25362978500004,-5.5518322989999627,0,null],[105.25364934100007,-5.5518316609999099,0,null],[105.25365753900003,-5.5518294049999897,0,null],[105.25367920200006,-5.5518524769999447,0,null],[105.25370141800002,-5.5518740789999557,0,null],[105.25370627800007,-5.5518800930000092,0,null],[105.25370952700007,-5.5518869169999521,0,null],[105.2537120140001,-5.5518988969999663,0,null],[105.25371372700006,-5.5519032259999692,0,null],[105.25371659400012,-5.5519072049999432,0,null],[105.2537205770001,-5.5519104329999438,0,null],[105.25374359500005,-5.5519185079999902,0,null],[105.25375212100005,-5.5519230809999245,0,null],[105.25376965600007,-5.551936137999939,0,null],[105.25379575400011,-5.5519610409999567,0,null],[105.25381881400006,-5.5519883439999065,0,null],[105.25382491900002,-5.5519975409999569,0,null],[105.25382968600007,-5.5520066739999132,0,null],[105.25383263400005,-5.5520156779999477,0,null],[105.25383313600008,-5.5520244809999655,0,null],[105.25383065100006,-5.5520331299999706,0,null],[105.2538257130001,-5.5520415499999567,0,null],[105.25381109000004,-5.5520578769998865,0,null],[105.2537591880001,-5.552103490000019,0,null],[105.25375308300003,-5.5521103719999667,0,null],[105.25374891700005,-5.5521168899999731,0,null],[105.25374738600001,-5.5521229419999409,0,null],[105.25374907500006,-5.5521286579999698,0,null],[105.25376388300005,-5.5521461909999994,0,null],[105.25376839900007,-5.5521536509999949,0,null],[105.25377108100011,-5.5521621379999866,0,null],[105.25377236700004,-5.5521717849998966,0,null],[105.25377259500006,-5.552182296999967,0,null],[105.25377093200009,-5.5522050559998961,0,null],[105.25376437800008,-5.5522538410000246,0,null],[105.25376198700006,-5.5522786849999486,0,null],[105.25376217400007,-5.5523033709999483,0,null],[105.25376664700009,-5.5523288729999267,0,null],[105.25377410000009,-5.552354072999969,0,null],[105.25378310800004,-5.5523790959999078,0,null],[105.25382847200005,-5.5524909979999295,0,null],[105.25383599600006,-5.5525106739999588,0,null],[105.25384277900008,-5.5525284119999165,0,null],[105.25384693700008,-5.5525412940000054,0,null],[105.25385089700005,-5.5525535629999547,0,null],[105.25385653000006,-5.5525790619999329,0,null],[105.25385840100004,-5.5526037929999363,0,null],[105.2538568990001,-5.5526413279999334,0,null],[105.25385208900006,-5.552678703000006,0,null],[105.25384673800006,-5.5527030709999794,0,null],[105.25384307000012,-5.5527149329999839,0,null],[105.25383290000006,-5.5527387339999104,0,null],[105.25381386800009,-5.5527731220000023,0,null],[105.25365862800004,-5.5530192889999421,0,null],[105.25363823300003,-5.5530532579999994,0,null],[105.25361930200008,-5.5530882329999622,0,null],[105.25358580000005,-5.5531614449999802,0,null],[105.25354421600008,-5.5532602659998966,0,null],[105.25353503500011,-5.553284659999961,0,null],[105.25352728500009,-5.5533084379999744,0,null],[105.25352203700001,-5.5533309299999702,0,null],[105.25351826700006,-5.553353215999949,0,null],[105.2535155580001,-5.5533605419999335,0,null],[105.25350707600002,-5.553374118999991,0,null],[105.25349361500007,-5.5533871219999122,0,null],[105.25345149200004,-5.5534192059999024,0,null],[105.25344508400005,-5.5534231099999589,0,null],[105.25343586600007,-5.5534266009999813,0,null],[105.25341438300008,-5.5534299899999064,0,null],[105.25334206400005,-5.5534306189999585,0,null],[105.25332006200009,-5.5534329079999702,0,null],[105.2533104140001,-5.5534354740000049,0,null],[105.25330430100003,-5.5534380329999502,0,null],[105.25327090700002,-5.553453348999974,0,null],[105.25326028900012,-5.5534582189999329,0,null],[105.25325291100005,-5.5534628559999613,0,null],[105.25324651600005,-5.5534686059999929,0,null],[105.253240723,-5.5534769519998841,0,null],[105.25323627500009,-5.5534868119999894,0,null],[105.25323273900005,-5.5534977619999184,0,null],[105.25322206900006,-5.5535407929999261,0,null],[105.25321743300013,-5.5535594919999633,0,null],[105.25320398000008,-5.5535973859999901,0,null],[105.25316718100005,-5.5536846279999255,0,null],[105.25313344000001,-5.5537581269999672,0,null],[105.25312093700005,-5.5537818099999727,0,null],[105.25310711000006,-5.5538039309999379,0,null],[105.25309204000006,-5.5538245379999553,0,null],[105.25303707700003,-5.5538945669998876,0,null],[105.25303001500008,-5.5539061199999553,0,null],[105.25302366700008,-5.5539195449999115,0,null],[105.2530186120001,-5.5539343619999828,0,null],[105.25301541500002,-5.553948908999943,0,null],[105.25301349500003,-5.5539635809999135,0,null],[105.25301236500003,-5.5539907319999395,0,null],[105.25301382400006,-5.5540185309999304,0,null],[105.25301119100003,-5.5540198859999537,0,null],[105.25300620800006,-5.5540199999999631,0,null],[105.25299966700005,-5.5540188799999592,0,null],[105.25299248400007,-5.5540163149999247,0,null],[105.25298493600008,-5.5540118159999965,0,null],[105.25297080500006,-5.5540013339999286,0,null],[105.25296363500009,-5.553998311999945,0,null],[105.2529563890001,-5.5539985219999624,0,null],[105.25294932300005,-5.5540016119999516,0,null],[105.25294317500008,-5.5540069799999516,0,null],[105.25293779500008,-5.5540139599999963,0,null],[105.25293338300007,-5.554022266999973,0,null],[105.25293014400008,-5.5540321619999036,0,null],[105.25292352200006,-5.5540653349999838,0,null],[105.25292041700007,-5.5540763800000095,0,null],[105.25291620600007,-5.5540865939999664,0,null],[105.25291090600008,-5.5540961839999605,0,null],[105.252904685,-5.554104982999978,0,null],[105.25289763900004,-5.5541127700000006,0,null],[105.25288980600001,-5.5541192639999162,0,null],[105.25288072800006,-5.5541245730000002,0,null],[105.25286230000005,-5.5541329449998935,0,null],[105.25285415600008,-5.5541375409999185,0,null],[105.25284760100008,-5.5541434469999631,0,null],[105.25284324600007,-5.5541510159999676,0,null],[105.25284046900002,-5.5541600949999195,0,null],[105.25283307700003,-5.5542152939999569,0,null],[105.25282980600012,-5.5542264059998994,0,null],[105.25282502600008,-5.5542369099999691,0,null],[105.25281895700002,-5.5542470189999174,0,null],[105.25280426900005,-5.5542664499999264,0,null],[105.25276274300008,-5.5543138129999372,0,null],[105.25274772600008,-5.5543336859999828,0,null],[105.25273633600003,-5.5543540869999832,0,null],[105.25271978500007,-5.5543952039999214,0,null],[105.25270994400006,-5.5544146640000216,0,null],[105.2526954130001,-5.5544337009999092,0,null],[105.25266071900008,-5.5544687219999647,0,null],[105.25264395500001,-5.5544870119999681,0,null],[105.25262941400005,-5.5545067199999112,0,null],[105.25260925900008,-5.5545373159999558,0,null],[105.25259508200006,-5.5545565749999506,0,null],[105.25257897600005,-5.5545730769998949,0,null],[105.25255302500004,-5.5545947479999116,0,null],[105.25254507700001,-5.5546025619999364,0,null],[105.25253815800005,-5.5546108660000018,0,null],[105.25250777700003,-5.5546568679999,0,null],[105.25248810600009,-5.5546816399999956,0,null],[105.25247611700007,-5.5546987059999866,0,null],[105.25246693900003,-5.5547176169999526,0,null],[105.25245511700011,-5.55474764199995,0,null],[105.25244501900008,-5.5547682579999682,0,null],[105.25243201200007,-5.5547890109999978,0,null],[105.25239714600011,-5.5548400749999596,0,null],[105.25238551400012,-5.554861524999958,0,null],[105.25236197200005,-5.5549264620000018,0,null],[105.25235117300004,-5.5549500839999135,0,null],[105.25233928000003,-5.5549734049999779,0,null],[105.25223619400003,-5.5551580649999801,0,null],[105.25220971300006,-5.5552037769999432,0,null],[105.25219594000008,-5.555225884999996,0,null],[105.25218138300002,-5.5552467259999441,0,null],[105.25216543900004,-5.5552651359999574,0,null],[105.25215666900002,-5.5552728519999741,0,null],[105.25214841000005,-5.5552785969999166,0,null],[105.25214529400006,-5.5552804399998914,0,null],[105.25212362600004,-5.5552932589999751,0,null],[105.25211656100008,-5.5552985549999692,0,null],[105.252110294,-5.5553051479999818,0,null],[105.25210576600007,-5.5553124709999659,0,null],[105.25210330600005,-5.5553202949999028,0,null],[105.25210308800003,-5.5553281660000211,0,null],[105.25210810200009,-5.5553531369999556,0,null],[105.25210911400008,-5.5553618969999699,0,null],[105.25210878300005,-5.5553709459999192,0,null],[105.25210510500001,-5.5554000420000174,0,null],[105.25210509400002,-5.555411071999953,0,null],[105.25210529800003,-5.5554130229999368,0,null],[105.25210751000013,-5.5554342380000046,0,null],[105.25211495000012,-5.5554821849999749,0,null],[105.25211602300003,-5.5555056919999659,0,null],[105.25211479100003,-5.5555170229999264,0,null],[105.25211214100007,-5.5555273099999782,0,null],[105.2521082260001,-5.5555371869999961,0,null],[105.25210328500005,-5.5555466099999764,0,null],[105.25209097900009,-5.5555637749999756,0,null],[105.25206869300011,-5.5555873059999685,0,null],[105.25206262600005,-5.5555957739999586,0,null],[105.25205810400004,-5.555605366999953,0,null],[105.25205496100004,-5.5556158799999347,0,null],[105.25205285300005,-5.5556270849999736,0,null],[105.25205073000005,-5.5556509069999906,0,null],[105.2520503730001,-5.5557526869999743,0,null],[105.25204735500003,-5.5557906329999165,0,null],[105.25203116200002,-5.5558648189999262,0,null],[105.25202787200003,-5.5559014669999387,0,null],[105.25202598200005,-5.5559119360000055,0,null],[105.25201178700011,-5.5559679939999365,0,null],[105.25199791500003,-5.5560020459999118,0,null],[105.25199596800005,-5.5560103619999781,0,null],[105.25199556300001,-5.5560181439999115,0,null],[105.25199805600005,-5.5560500569999762,0,null],[105.25199363800003,-5.5560814789999116,0,null],[105.25199349800002,-5.5560836929999171,0,null],[105.25199154900012,-5.5561146239999895,0,null],[105.25199199600007,-5.5561379289999637,0,null],[105.25199459500003,-5.5561623729999434,0,null],[105.25199463200002,-5.556162718999972,0,null],[105.25199949500008,-5.5561887399999046,0,null],[105.25201422300005,-5.556253502999934,0,null],[105.25202035700002,-5.556291375999959,0,null],[105.25202101300007,-5.55630355799999,0,null],[105.25201941000003,-5.5563269089999681,0,null],[105.25201173000002,-5.5563632769999574,0,null],[105.25201584300001,-5.5563892099999714,0,null],[105.25201533000005,-5.5563974269999408,0,null],[105.25200886400005,-5.5564250670000073,0,null],[105.25200637000002,-5.5564357269999123,0,null],[105.25200385100008,-5.5564576899999532,0,null],[105.2520053150001,-5.5565225069999871,0,null],[105.25200648100012,-5.5565317189999499,0,null],[105.25200780300005,-5.5565421589999255,0,null],[105.2520212420001,-5.5565854229999525,0,null],[105.25202644400008,-5.5566085909999154,0,null],[105.25202784400003,-5.5566207179999418,0,null],[105.25202867900001,-5.5566446309999664,0,null],[105.25202570100002,-5.5566866029999753,0,null],[105.2520266440001,-5.5566966219999161,0,null],[105.25203283500008,-5.5567285909999855,0,null],[105.25203374000006,-5.5567399499999484,0,null],[105.25203317900011,-5.5567637719999654,0,null],[105.25203063400008,-5.5567884909999679,0,null],[105.25200882800004,-5.5569283709999953,0,null],[105.25200659500004,-5.5569538579999724,0,null],[105.25200672100004,-5.5569797939999868,0,null],[105.25200935800009,-5.5570061779999493,0,null],[105.25201415900004,-5.5570359809999283,0,null],[105.25201572600008,-5.5570457119999341,0,null],[105.25204966000005,-5.5572168619999731,0,null],[105.25205836400006,-5.5572284409999542,0,null],[105.25206940800008,-5.5572464549999347,0,null],[105.25208045200011,-5.557268627999993,0,null],[105.25208477800003,-5.5572802139999746,0,null],[105.25208764800009,-5.5572915609999365,0,null],[105.25208874100008,-5.5573028419999817,0,null],[105.25208520400005,-5.5573363009999968,0,null],[105.25208587600011,-5.5573421919999513,0,null],[105.25208831900005,-5.5573464739999503,0,null],[105.25209309900001,-5.5573488599999701,0,null],[105.25209975700002,-5.5573496309999451,0,null],[105.25211425400006,-5.5573482659999209,0,null],[105.25211674400001,-5.5573480319999016,0,null],[105.25213651100005,-5.5573440739999294,0,null],[105.2522005860001,-5.5573287889999081,0,null],[105.25223154000008,-5.5573238269999417,0,null],[105.25224112000008,-5.55732356499992,0,null],[105.25225006600002,-5.5573245009999086,0,null],[105.25225813800007,-5.5573270929999454,0,null],[105.25226533000004,-5.5573318939999874,0,null],[105.25227158000011,-5.5573384799999106,0,null],[105.25227713900004,-5.557346373999942,0,null],[105.25228219600011,-5.5573552159999631,0,null],[105.25229133500007,-5.5573747329999792,0,null],[105.25230418700006,-5.5574073679999261,0,null],[105.25233958100006,-5.557504085999935,0,null],[105.25232088900002,-5.5575071369999209,0,null],[105.25229795200008,-5.5575143919999883,0,null],[105.25228706400006,-5.5575201309999303,0,null],[105.25227828200005,-5.5575275589999231,0,null],[105.25227248600001,-5.5575372680000159,0,null],[105.25227014299999,-5.557548363999957,0,null],[105.25227077200005,-5.5575600329999455,0,null],[105.252277711,-5.5575831749999063,0,null],[105.25229230700005,-5.5576188529999273,0,null],[105.25230373400011,-5.5576423059999138,0,null],[105.25231380600006,-5.5576593269999899,0,null],[105.25231692200005,-5.5576645929999815,0,null],[105.25232451200006,-5.557674970999952,0,null],[105.25234177400006,-5.5576935589999801,0,null],[105.25238955200011,-5.5577354569999828,0,null],[105.25240713200004,-5.5577524089999644,0,null],[105.25242155000009,-5.5577704799999497,0,null],[105.25243900300002,-5.5578033529999162,0,null],[105.25244411900009,-5.557810575999981,0,null],[105.25245121800006,-5.5578177469999526,0,null],[105.25245937700002,-5.5578241519999496,0,null],[105.25251000700004,-5.5578604419999325,0,null],[105.25251845300002,-5.5578654379999906,0,null],[105.25254626400002,-5.5578784909999159,0,null],[105.25258150200008,-5.5579040439998986,0,null],[105.25259974800009,-5.55791444799996,0,null],[105.25262894500011,-5.5579292079999378,0,null],[105.25264877000006,-5.5579415789998956,0,null],[105.25267792100007,-5.5579652999999931,0,null],[105.25273428600012,-5.5580169859999176,0,null],[105.25275391600006,-5.5580330099999999,0,null],[105.2527641890001,-5.558040328999895,0,null],[105.25278581700012,-5.5580532469999868,0,null],[105.25284195600005,-5.5580825890000165,0,null],[105.25285280300007,-5.5580891009999336,0,null],[105.25287383400003,-5.5581038619999115,0,null],[105.25290387800003,-5.5581283779998971,0,null],[105.25298041900005,-5.5581941889999245,0,null],[105.25299831700002,-5.5582074679999574,0,null],[105.25302156300009,-5.5582216759999783,0,null],[105.25303516400005,-5.5582349519999221,0,null],[105.25305482800009,-5.5582589499999537,0,null],[105.25306193800004,-5.5582662909999394,0,null],[105.25306967700007,-5.5582725390000123,0,null],[105.25310381000006,-5.558289659999919,0,null],[105.25311159900008,-5.5582952309999358,0,null],[105.25314835400009,-5.5583290579999813,0,null],[105.25317440000003,-5.558347614999918,0,null],[105.25318158700009,-5.5583549239999899,0,null],[105.25318819500011,-5.558363246999968,0,null],[105.25322447000009,-5.5584201819999715,0,null],[105.25323120500011,-5.5584288379999771,0,null],[105.25323294400008,-5.5584306869999525,0,null],[105.253254639,-5.5584537549999959,0,null],[105.25326103500001,-5.5584623399999069,0,null],[105.25326587900005,-5.5584717249999729,0,null],[105.25327781300005,-5.5585016109999588,0,null],[105.25329951700007,-5.5585353789999994,0,null],[105.25331863300006,-5.5585773569999199,0,null],[105.25332270000004,-5.5585837969999199,0,null],[105.25333407700001,-5.5585959299999468,0,null],[105.25333894600006,-5.5586025289999599,0,null],[105.25334294400002,-5.558610201999973,0,null],[105.25334561500007,-5.5586186349999602,0,null],[105.25334631000004,-5.5586322059999285,0,null],[105.25334511300012,-5.5586388359999441,0,null],[105.25334206000005,-5.5586471249999194,0,null],[105.25333212900003,-5.5586674919999171,0,null],[105.25333209200002,-5.5586724899999753,0,null],[105.2533352300001,-5.5586763709999412,0,null],[105.25334082100004,-5.5586794739999315,0,null],[105.25336285900008,-5.5586875679998906,0,null],[105.25336904400005,-5.5586909419999033,0,null],[105.25337309700004,-5.5586952389999924,0,null],[105.25337420400004,-5.558699430999984,0,null],[105.25337353100008,-5.5587040559999226,0,null],[105.25337122400006,-5.5587087349999544,0,null],[105.25336666500004,-5.5587139379999408,0,null],[105.2533479670001,-5.5587295409998996,0,null],[105.25334244100007,-5.5587356579999616,0,null],[105.25333858900002,-5.5587420599999584,0,null],[105.25333599600008,-5.5587488899999906,0,null],[105.25333464500005,-5.5587557599999373,0,null],[105.25333458300005,-5.5587622789999438,0,null],[105.25333592400007,-5.5587680459999769,0,null],[105.25333858900002,-5.5587726579999144,0,null],[105.25334881100007,-5.5587838789999546,0,null],[105.25335078900005,-5.558788043999944,0,null],[105.25335105400008,-5.558793930999987,0,null],[105.25334579700009,-5.5588164399998954,0,null],[105.2533448920001,-5.5588250019998933,0,null],[105.25334545400005,-5.5588330109999342,0,null],[105.25335212700008,-5.558865658999971,0,null],[105.25335229700009,-5.5588734469999048,0,null],[105.25335074500005,-5.5588818379999774,0,null],[105.25334558600007,-5.5588980769999887,0,null],[105.25334415200004,-5.558906341999962,0,null],[105.25334464700008,-5.5589145629999317,0,null],[105.25334676200008,-5.5589228049999919,0,null],[105.25335430200008,-5.5589380140000069,0,null],[105.25335911500012,-5.5589442329999885,0,null],[105.25336984300013,-5.5589549459999867,0,null],[105.25337296100011,-5.5589599729999586,0,null],[105.25337464800008,-5.5589655089999725,0,null],[105.25337450600007,-5.5589711979999104,0,null],[105.25337229400006,-5.5589767329999242,0,null],[105.25335502400006,-5.5589996729999571,0,null],[105.25335189100007,-5.5590063689999782,0,null],[105.25335043300002,-5.5590135099999474,0,null],[105.25335041900011,-5.5590210699999512,0,null],[105.25335162700013,-5.5590287709999666,0,null],[105.25335389200005,-5.5590363479999718,0,null],[105.25336327500011,-5.5590576729999599,0,null],[105.25336529500001,-5.5590651699999585,0,null],[105.25336583400006,-5.5590740189999801,0,null],[105.25336293100008,-5.5590933379999798,0,null],[105.25335163300004,-5.5591355960000124,0,null],[105.25334852000005,-5.5591577059999766,0,null],[105.25334884800007,-5.5591700139999292,0,null],[105.25335300000006,-5.5591949079999461,0,null],[105.25335982100009,-5.5592199759999774,0,null],[105.25337517200003,-5.5592700549999465,0,null],[105.25338101800007,-5.5592948169999525,0,null],[105.25338274000003,-5.5593070559999882,0,null],[105.25338324500008,-5.5593191550000123,0,null],[105.2533823910001,-5.5593305409999774,0,null],[105.25337685900008,-5.5593642699999259,0,null],[105.25337585600009,-5.5593755429999705,0,null],[105.25337658500005,-5.5593943350000155,0,null],[105.25337944600003,-5.5594263909999144,0,null],[105.25338028900011,-5.5594525989999513,0,null],[105.25337894200008,-5.5595872869999043,0,null],[105.25338087100006,-5.5596269889999919,0,null],[105.25338244300011,-5.5596398729999921,0,null],[105.25339054300007,-5.5596841559999257,0,null],[105.25339160600006,-5.5596947199999116,0,null],[105.25339156700005,-5.5597050449999665,0,null],[105.25339018000003,-5.5597152160000087,0,null],[105.25338406800006,-5.559746757999954,0,null],[105.2533823430001,-5.5597815879999937,0,null],[105.25338301300006,-5.5597931979999773,0,null],[105.25338370000011,-5.5598051009998963,0,null],[105.25338520200006,-5.5598166439999632,0,null],[105.25339441300011,-5.559854817000013,0,null],[105.25339604600008,-5.5598638169999584,0,null],[105.25339680800005,-5.5598751589999198,0,null],[105.25339647400001,-5.5598867619999917,0,null],[105.25339191900008,-5.5599346919999606,0,null],[105.25339180500008,-5.5599468689999023,0,null],[105.25339281600007,-5.5599593449999576,0,null],[105.25339478900005,-5.5599718430000147,0,null],[105.2534006870001,-5.5599968819999548,0,null],[105.25341216400007,-5.56003451599996,0,null],[105.25342509800008,-5.5600720489999569,0,null],[105.25345556600011,-5.5601604619999003,0,null],[105.25347448700008,-5.5602096589999741,0,null],[105.25348544000009,-5.5602324319999932,0,null],[105.25349115500003,-5.5602421179999952,0,null],[105.25350347400008,-5.5602590549999755,0,null],[105.25350985300007,-5.5602658779999183,0,null],[105.25351623800007,-5.5602711549999109,0,null],[105.25352252200005,-5.5602743929999123,0,null],[105.25352778700005,-5.560275270999985,0,null],[105.25354316400008,-5.5602736909999431,0,null],[105.25354842600007,-5.5602746759999357,0,null],[105.25355336700004,-5.5602774739999896,0,null],[105.25355738900001,-5.5602818769999987,0,null],[105.25355993100004,-5.5602876579999441,0,null],[105.25356070000002,-5.5602964219999587,0,null],[105.25355856000002,-5.5603248870000046,0,null],[105.2535595830001,-5.5603318689999606,0,null],[105.25356132200007,-5.5603367379999193,0,null],[105.25356332800006,-5.5603387919999117,0,null],[105.25357942400005,-5.5603495769999158,0,null],[105.25360148300011,-5.560366393999975,0,null],[105.25362561400006,-5.5603881519999989,0,null],[105.25363652800007,-5.5604001819999285,0,null],[105.25364557400012,-5.5604122239999478,0,null],[105.25366541100007,-5.5604449009998982,0,null],[105.25367278600005,-5.560455514999977,0,null],[105.25368922600008,-5.5604759159999775,0,null],[105.25370696500003,-5.5604956740000135,0,null],[105.25387550100004,-5.5606690879999734,0,null],[105.25390448400013,-5.5606969349999682,0,null],[105.25393481100006,-5.5607217609999795,0,null],[105.25395560600001,-5.5607358169999879,0,null],[105.25398795600002,-5.5607551689999903,0,null],[105.25402130800002,-5.560772397999906,0,null],[105.25404430900007,-5.5607817899999725,0,null],[105.25406968200012,-5.5607889139999402,0,null],[105.25414956500006,-5.5608035989999118,0,null],[105.25418228600002,-5.5608120819999032,0,null],[105.25421527900009,-5.5608236619999731,0,null],[105.25424271000004,-5.5608350499999384,0,null],[105.25426131600008,-5.5608437679999492,0,null],[105.25427993600002,-5.5608608869999445,0,null],[105.254279807,-5.5609272069999252,0,null],[105.25427853800008,-5.5609627659999363,0,null],[105.25427531999999,-5.5609944229999799,0,null],[105.25427266200003,-5.561007196999971,0,null],[105.25426897800008,-5.5610192669999927,0,null],[105.25426395100003,-5.5610309399999815,0,null],[105.25425786100006,-5.5610419339999142,0,null],[105.25425094900002,-5.5610521789999625,0,null],[105.2542433620001,-5.5610615159999357,0,null],[105.25423517200005,-5.5610696889999902,0,null],[105.25422638400003,-5.561076321000006,0,null],[105.25421694500005,-5.5610808919999402,0,null],[105.25420700800002,-5.5610829050000179,0,null],[105.25419673400006,-5.5610825719999903,0,null],[105.2541864830001,-5.5610800079999558,0,null],[105.25417649900008,-5.5610752649999187,0,null],[105.25416680700008,-5.5610688390000087,0,null],[105.25415734300009,-5.5610612129999994,0,null],[105.25413890300007,-5.5610436899999707,0,null],[105.25412090800009,-5.5610245359998958,0,null],[105.25408591300004,-5.560984581999965,0,null],[105.25406095900011,-5.5609543269999486,0,null],[105.25404560900009,-5.5609341869999698,0,null],[105.25402694200005,-5.5609066530000009,0,null],[105.25401421500005,-5.5608914989999905,0,null],[105.25400569700007,-5.5608848699999749,0,null],[105.25397633600004,-5.5608678669999891,0,null],[105.25395623200006,-5.5608537369999747,0,null],[105.25392697400012,-5.5608286969999456,0,null],[105.25386892100003,-5.5607752149999614,0,null],[105.25384855300003,-5.5607589339999466,0,null],[105.25382682400001,-5.5607454379999846,0,null],[105.25379176700004,-5.5607300949999585,0,null],[105.25375300200002,-5.5607167610000099,0,null],[105.25364310300009,-5.5606830079999705,0,null],[105.25356937300002,-5.5606845550000097,0,null],[105.25355593600007,-5.5606832689999921,0,null],[105.25354932000005,-5.5606797069999638,0,null],[105.25354370300003,-5.560674159999949,0,null],[105.25351969000009,-5.5606435809999946,0,null],[105.25350287300003,-5.5606419619999494,0,null],[105.25347954900005,-5.5606377219999539,0,null],[105.25345311500008,-5.5606301599999499,0,null],[105.25344055100003,-5.5606248629999557,0,null],[105.2534295940001,-5.5606187559999833,0,null],[105.25340351200006,-5.5606014429999719,0,null],[105.25339598200007,-5.5605980799999601,0,null],[105.25337076700002,-5.560589986000001,0,null],[105.25334771300007,-5.560581045999883,0,null],[105.25325301100006,-5.5605355140000237,0,null],[105.25322933500004,-5.5605260219999488,0,null],[105.25321754200004,-5.5605224789999221,0,null],[105.25320579100006,-5.5605201789999983,0,null],[105.25319409900005,-5.560519582999949,0,null],[105.25318282700002,-5.5605209869999763,0,null],[105.25317160800006,-5.5605239969999589,0,null],[105.25316042600012,-5.5605281789999497,0,null],[105.25313812500005,-5.5605388129999413,0,null],[105.2530711190001,-5.5605761560000113,0,null],[105.253048531,-5.5605874259999668,0,null],[105.25302567500007,-5.5605965559999229,0,null],[105.25299210900005,-5.5606063669999353,0,null],[105.25298145400005,-5.5606105029999222,0,null],[105.25297096800007,-5.5606160919999406,0,null],[105.25295122800013,-5.5606303199999632,0,null],[105.25289545200005,-5.5606796819999618,0,null],[105.25287673500009,-5.5606931499999215,0,null],[105.25285135000003,-5.5607083679999372,0,null],[105.25284427200008,-5.5607149829999516,0,null],[105.25283831000012,-5.5607227619999735,0,null],[105.25283361800008,-5.5607315439999896,0,null],[105.25283036500008,-5.5607408639999614,0,null],[105.25282045400006,-5.5607836489999487,0,null],[105.252812394,-5.5608076079999771,0,null],[105.2528026910001,-5.5608316469999233,0,null],[105.25278599700005,-5.5608673429999458,0,null],[105.25276650200003,-5.560901707999947,0,null],[105.25275130300011,-5.560923285999956,0,null],[105.2527201810001,-5.5609633019999807,0,null],[105.25270369600007,-5.5609844979999581,0,null],[105.25269132000003,-5.5610043600000028,0,null],[105.25268701900002,-5.5610141900000167,0,null],[105.2526846520001,-5.5610239259999341,0,null],[105.2526845890001,-5.5610333839999173,0,null],[105.25268971900007,-5.5610619829999743,0,null],[105.252689956,-5.561088778999971,0,null],[105.25269079900008,-5.5610977560000032,0,null],[105.25269369400004,-5.5611065139999285,0,null],[105.25269917000006,-5.5611144479999632,0,null],[105.25270793000007,-5.5611214080000062,0,null],[105.25271893200009,-5.561126999999936,0,null],[105.25274332000006,-5.5611346979999512,0,null],[105.25275858300009,-5.5611373339999917,0,null],[105.25277252400008,-5.5611397410000132,0,null],[105.25278010000009,-5.5611454339999513,0,null],[105.25280078000011,-5.5611582829999486,0,null],[105.25282943200008,-5.5611740709999227,0,null],[105.25286103700003,-5.5611883849999524,0,null],[105.25290147300009,-5.5612037689999818,0,null],[105.25291268100004,-5.5612090859999777,0,null],[105.25292306200002,-5.5612155059999759,0,null],[105.252932575,-5.5612234859999257,0,null],[105.25294115100009,-5.561232642999884,0,null],[105.25294894800003,-5.5612426530000016,0,null],[105.25296237200007,-5.5612644099999367,0,null],[105.25296786800008,-5.5612759200000008,0,null],[105.2529723170001,-5.5612877860000056,0,null],[105.25297541800009,-5.5613000129999515,0,null],[105.25297690000012,-5.5613121709999804,0,null],[105.25297718800006,-5.561324599999943,0,null],[105.2529754940001,-5.5613499689999104,0,null],[105.25296733700013,-5.5614145739999268,0,null],[105.25296555600006,-5.5614405489999443,0,null],[105.25296555900007,-5.5614533209999353,0,null],[105.25296697100001,-5.5614788609999168,0,null],[105.25297318600008,-5.561542344000018,0,null],[105.25297427600007,-5.5615672509999472,0,null],[105.25297377000004,-5.561579491999983,0,null],[105.25297144400011,-5.5615926939999207,0,null],[105.25296654200007,-5.5616074839999898,0,null],[105.25295964700011,-5.5616227369999196,0,null],[105.25294274100004,-5.5616523029999678,0,null],[105.25291435600009,-5.5616933229998979,0,null],[105.2529102280001,-5.5616862369999334,0,null],[105.25290379600003,-5.561667789999917,0,null],[105.25290092300006,-5.5616557499999866,0,null],[105.25289899800006,-5.5616425979999642,0,null],[105.25289844800002,-5.5616273219999437,0,null],[105.25290087500005,-5.5615849039999867,0,null],[105.25290003900007,-5.5615741869999882,0,null],[105.25289750100004,-5.56156550099998,0,null],[105.252881067,-5.5615306899999419,0,null],[105.25287102200006,-5.5614978569999787,0,null],[105.25286579000007,-5.561486847999956,0,null],[105.25286061100009,-5.5614759509999425,0,null],[105.25284738100007,-5.561454801999969,0,null],[105.2528263040001,-5.5614266449999485,0,null],[105.25281384500003,-5.5614133559999148,0,null],[105.25280886400007,-5.5614097979999757,0,null],[105.25280519800003,-5.5614093199999362,0,null],[105.25280320800005,-5.5614123679999219,0,null],[105.25280246500007,-5.5614182489999644,0,null],[105.25280357100007,-5.5614357009998985,0,null],[105.2528091280001,-5.5614692389999201,0,null],[105.25281451800001,-5.5614932109999495,0,null],[105.2528252650001,-5.5615279429998923,0,null],[105.25282984100004,-5.5615385049999668,0,null],[105.25283046800008,-5.5615396859999757,0,null],[105.25284682700001,-5.5615704779999477,0,null],[105.25284916700012,-5.5615777949999314,0,null],[105.25284988200009,-5.56158589599998,0,null],[105.25284879000009,-5.5615935599999924,0,null],[105.25284622700005,-5.5616004259999388,0,null],[105.2528350460001,-5.5616185009999244,0,null],[105.25283293200002,-5.5616266889999801,0,null],[105.25283213300004,-5.5616468039999569,0,null],[105.25283438500006,-5.5616940619999591,0,null],[105.25283381200009,-5.5617062249999885,0,null],[105.25283199200003,-5.5617182320000049,0,null],[105.2528286120001,-5.5617298859999922,0,null],[105.25282392900007,-5.5617413139999607,0,null],[105.25281197600006,-5.5617637189999494,0,null],[105.25276175300009,-5.5618409689999462,0,null],[105.25274851300006,-5.5618633909999362,0,null],[105.2527265840001,-5.5619043779999524,0,null],[105.25272067300006,-5.5619133179999816,0,null],[105.25271413500005,-5.5619211730000098,0,null],[105.25270668200005,-5.5619275449999153,0,null],[105.25269819000006,-5.5619320909999361,0,null],[105.25267892100007,-5.5619374179999328,0,null],[105.25263951800009,-5.5619440849999515,0,null],[105.25263125100012,-5.5619470299999287,0,null],[105.25262437700009,-5.5619513160000169,0,null],[105.2526235560001,-5.5619522709999183,0,null],[105.25261905200009,-5.5619575089999964,0,null],[105.25261500600001,-5.5619651200000044,0,null],[105.25260371600007,-5.5619915989999749,0,null],[105.25259800400003,-5.5620004029999928,0,null],[105.25258361500009,-5.562016870000023,0,null],[105.25256062100004,-5.5620386539999602,0,null],[105.25255535500006,-5.5620448979999439,0,null],[105.25255321400006,-5.5620501150000203,0,null],[105.25255512700004,-5.5620538039999703,0,null],[105.25256164600005,-5.5620556959999492,0,null],[105.25257149700006,-5.5620560449999781,0,null],[105.25259470700011,-5.5620540169999879,0,null],[105.25261518900004,-5.5620508299999907,0,null],[105.25262955500007,-5.5620679619999871,0,null],[105.25263331800002,-5.562073724999931,0,null],[105.25264128700006,-5.5620859279999637,0,null],[105.25264669300006,-5.5620964719999479,0,null],[105.25265512300005,-5.5621179279999469,0,null],[105.25266221700011,-5.5621456479999312,0,null],[105.25268346700008,-5.5622449809999788,0,null],[105.25269085800008,-5.5622811249999495,0,null],[105.252695321,-5.5623082519999736,0,null],[105.25269682000004,-5.562335225999985,0,null],[105.25269462600004,-5.562361844999967,0,null],[105.25268939800004,-5.562397389999977,0,null],[105.25267292700002,-5.5624951869999864,0,null],[105.25266966000001,-5.5625011689999484,0,null],[105.25266547300002,-5.5625144829999842,0,null],[105.25266410400009,-5.5625223479999244,0,null],[105.25266386700007,-5.5625301629999493,0,null],[105.25266513700008,-5.562537612999944,0,null],[105.25267073000001,-5.5625579309999376,0,null],[105.25267090600002,-5.5625701509999717,0,null],[105.2526675270001,-5.562584590999923,0,null],[105.25266423400009,-5.5625925209999574,0,null],[105.25265591900003,-5.5626065979999675,0,null],[105.25265124100008,-5.562612065999887,0,null],[105.25264636400004,-5.5626158929999372,0,null],[105.25264136400007,-5.5626174829999799,0,null],[105.25263637800001,-5.5626164449999829,0,null],[105.25263142600005,-5.5626135130000067,0,null],[105.25261780900007,-5.5626015629999062,0,null],[105.25261412600013,-5.5625990379999637,0,null],[105.25261117800005,-5.5625985999999275,0,null],[105.25260912200007,-5.5626009039999404,0,null],[105.25260777200005,-5.5626054279999595,0,null],[105.25260423100011,-5.5626399099999704,0,null],[105.25260283300008,-5.5626455589999937,0,null],[105.25260067000008,-5.5626494569999609,0,null],[105.25259799700004,-5.5626510339999138,0,null],[105.25258330100006,-5.5626518759999835,0,null],[105.2525794970001,-5.5626539079999739,0,null],[105.25255923700011,-5.5626705139999268,0,null],[105.25253665500011,-5.5626828039999667,0,null],[105.25252394000003,-5.5626911599999476,0,null],[105.25251693600008,-5.5626990959999825,0,null],[105.25251548900005,-5.5627037330000109,0,null],[105.25245079600002,-5.5627488279999229,0,null],[105.25242295100011,-5.5627665889999713,0,null],[105.25239856600005,-5.5627800379999295,0,null],[105.25237471800003,-5.5627899479999501,0,null],[105.25229871000005,-5.5628134699999423,0,null],[105.25227537800008,-5.5628237649999948,0,null],[105.25226477800008,-5.5628304149999233,0,null],[105.25225557000003,-5.5628380029999294,0,null],[105.25224704600004,-5.5628465799999285,0,null],[105.25223119700006,-5.5628655669999896,0,null],[105.2522079930001,-5.5628955949998984,0,null],[105.2521908240001,-5.562915202999922,0,null],[105.25216179100009,-5.5629429799999111,0,null],[105.25213108700004,-5.562968923999926,0,null],[105.25209933400008,-5.5629926089999318,0,null],[105.25207741500013,-5.5630059259999678,0,null],[105.25206610800008,-5.5630112869999673,0,null],[105.25202674400002,-5.5630248509999349,0,null],[105.25201755900005,-5.563029121999933,0,null],[105.25200791500006,-5.5630353160000015,0,null],[105.25199891500003,-5.5630427669999962,0,null],[105.25198224700007,-5.5630602809999354,0,null],[105.2519591110001,-5.5630902609999291,0,null],[105.25187869400011,-5.5632093099999205,0,null],[105.25185753100006,-5.5632092090000009,0,null],[105.25184388700008,-5.5632105459999339,0,null],[105.25182875500006,-5.5632132589999808,0,null],[105.25181323300002,-5.5632178059999129,0,null],[105.25179900100009,-5.5632241939999085,0,null],[105.25178611300001,-5.5632323219999593,0,null],[105.25177522100007,-5.5632417229999378,0,null],[105.25176695900011,-5.5632518849999792,0,null],[105.25176113400006,-5.5632624969999691,0,null],[105.2517561880001,-5.5632736709999167,0,null],[105.25173930300004,-5.563318580999991,0,null],[105.25173473200002,-5.5633285410000157,0,null],[105.25172959700004,-5.5633373499999452,0,null],[105.25172363400007,-5.5633445629999203,0,null],[105.25171652600002,-5.5633496159998943,0,null],[105.25170809500013,-5.5633520769999203,0,null],[105.25169855700004,-5.5633525189999569,0,null],[105.25168823800007,-5.5633515899999688,0,null],[105.25164377900003,-5.5633439659999597,0,null],[105.25163280600002,-5.5633432619999015,0,null],[105.25162226700003,-5.5633439969999623,0,null],[105.25161236900001,-5.5633466379999144,0,null],[105.25160338800008,-5.563351144999932,0,null],[105.25159564200005,-5.5633574540000099,0,null],[105.25158959200009,-5.5633651739999381,0,null],[105.25158045500004,-5.5633840029999861,0,null],[105.25156200100011,-5.5634368600000075,0,null],[105.25155720000006,-5.5634465689999226,0,null],[105.251539236,-5.5634742529999928,0,null],[105.2515340460001,-5.5634842560000211,0,null],[105.25151603800003,-5.5635280360000019,0,null],[105.25151072000004,-5.5635388890000117,0,null],[105.25149839300009,-5.5635585159999481,0,null],[105.25147763300006,-5.563587013999908,0,null],[105.25146485200007,-5.5636065599999265,0,null],[105.25143680100005,-5.5636653279999928,0,null],[105.25143201900002,-5.5636727069999816,0,null],[105.25142672000003,-5.5636784129999208,0,null],[105.25142067200005,-5.5636818699999404,0,null],[105.25141321000005,-5.5636826149999132,0,null],[105.25140486000008,-5.563680960999954,0,null],[105.25136618700007,-5.5636647169999423,0,null],[105.25135575200001,-5.5636612819999245,0,null],[105.25134513500011,-5.5636593299999406,0,null],[105.25133428500001,-5.5636593999999464,0,null],[105.2513234730001,-5.5636613169999274,0,null],[105.25131289300002,-5.563664786999948,0,null],[105.25130276300007,-5.5636696419999945,0,null],[105.25129333700009,-5.5636758319999737,0,null],[105.25128492600001,-5.5636834249999803,0,null],[105.25127770500004,-5.563692586999939,0,null],[105.25126615400006,-5.5637141199999443,0,null],[105.25125682600009,-5.5637380609999711,0,null],[105.251235459,-5.5637999629999415,0,null],[105.25122525100005,-5.5638229839999811,0,null],[105.25121920800008,-5.5638334969999628,0,null],[105.25121224500003,-5.5638430179999512,0,null],[105.251204332,-5.563851252999922,0,null],[105.25117102900001,-5.5638785449999597,0,null],[105.25116487400003,-5.5638854499999093,0,null],[105.25116083300004,-5.5638929679999096,0,null],[105.25115944000002,-5.5639007439999313,0,null],[105.25115986500006,-5.5639091269999144,0,null],[105.251167788,-5.5639453579999811,0,null],[105.25116861000006,-5.5639543810000172,0,null],[105.2511678180001,-5.5639631159999405,0,null],[105.25116457400009,-5.5639722799999882,0,null],[105.25115939800011,-5.5639811619999238,0,null],[105.25113913800003,-5.5640084419999605,0,null],[105.25111407900009,-5.5640496399999941,0,null],[105.25110744100007,-5.5640592609999908,0,null],[105.25108681200005,-5.5640843449999347,0,null],[105.25108160600007,-5.5640928690000182,0,null],[105.25107847100007,-5.5641008519999682,0,null],[105.25107107200009,-5.5641266479999709,0,null],[105.25106641300005,-5.5641366189999966,0,null],[105.25106042900009,-5.5641464700000123,0,null],[105.25104574200012,-5.5641656309999989,0,null],[105.25102890000005,-5.5641834749999655,0,null],[105.25102005500013,-5.5641915199999206,0,null],[105.25100206200005,-5.5642045119999297,0,null],[105.25099310300003,-5.5642086239999147,0,null],[105.2509843010001,-5.5642103669999701,0,null],[105.25097607700003,-5.5642093209999723,0,null],[105.25096836600002,-5.5642060649999694,0,null],[105.25096146400007,-5.5642011980000108,0,null],[105.25095572600013,-5.564195204999959,0,null],[105.25095158600006,-5.5641884829999357,0,null],[105.25094565000009,-5.5641651869999622,0,null],[105.25094267800003,-5.5641619219999585,0,null],[105.25093866000005,-5.5641611709999852,0,null],[105.25093394500001,-5.5641634909999107,0,null],[105.2509232070001,-5.564175135999986,0,null],[105.25089802500007,-5.5642118219999128,0,null],[105.25088333700009,-5.5642315639999476,0,null],[105.25086888400006,-5.5642469449999767,0,null],[105.25086684300005,-5.5642491169999788,0,null],[105.25084872100007,-5.5642640599999718,0,null],[105.25082921700006,-5.5642773470000053,0,null],[105.25080872300005,-5.5642889509999884,0,null],[105.25078715300003,-5.5642985619999843,0,null],[105.25074339700006,-5.5643153289999505,0,null],[105.25073320700001,-5.5643203690000123,0,null],[105.25072365800011,-5.5643263009999702,0,null],[105.25071430300005,-5.5643339009999773,0,null],[105.25069763100001,-5.5643519849999636,0,null],[105.25065344500008,-5.5644123909999879,0,null],[105.25063798600004,-5.5644287950000129,0,null],[105.25062963400006,-5.5644348769999832,0,null],[105.25062065100012,-5.5644388329999552,0,null],[105.25061115300004,-5.5644402169999809,0,null],[105.2506010700001,-5.5644396079999305,0,null],[105.25057985600003,-5.5644346269999625,0,null],[105.25053733200006,-5.5644212949999252,0,null],[105.25052759400006,-5.5644195159999557,0,null],[105.25051863000003,-5.5644192869999367,0,null],[105.25051074000008,-5.5644212420000096,0,null],[105.25050416700007,-5.5644258789999492,0,null],[105.25049867700007,-5.5644327539998963,0,null],[105.25048986700004,-5.5644510659999904,0,null],[105.25046470600009,-5.5645325819999849,0,null],[105.25046011300007,-5.5645443199998903,0,null],[105.25044829900007,-5.564568273000007,0,null],[105.25043458099999,-5.5645913489999623,0,null],[105.25043003300007,-5.5645982169999977,0,null],[105.25041225000011,-5.5646250729999105,0,null],[105.25032642000011,-5.5647461389999799,0,null],[105.25029612300008,-5.5647583589999252,0,null],[105.2502661920001,-5.5647675519999753,0,null],[105.25024992700008,-5.5647710139999953,0,null],[105.25023370800008,-5.5647729509999779,0,null],[105.25021936400013,-5.564772987999981,0,null],[105.25020620900003,-5.564771467999944,0,null],[105.25019467200005,-5.5647686949999811,0,null],[105.25018364300011,-5.5647651679999557,0,null],[105.25016220400002,-5.5647564239999427,0,null],[105.25014210700004,-5.5647455209999288,0,null],[105.25011530300004,-5.5647268599999835,0,null],[105.25009751800009,-5.5647169489999628,0,null],[105.25008843900005,-5.5647140729999913,0,null],[105.25007921700008,-5.5647126049999587,0,null],[105.25007006500003,-5.5647125149999512,0,null],[105.2500612000001,-5.5647138649999741,0,null],[105.25005285300003,-5.5647168069999511,0,null],[105.25004410400003,-5.5647222589999581,0,null],[105.25003606100006,-5.5647293259999211,0,null],[105.25001366800008,-5.5647537949999029,0,null],[105.25000608700007,-5.564761179999981,0,null],[105.24999812100003,-5.5647672479999502,0,null],[105.24997296800008,-5.5647786319999151,0,null],[105.24996550700008,-5.564783202999938,0,null],[105.24995978500006,-5.5647888099999578,0,null],[105.24995480700009,-5.564795576999896,0,null],[105.24993767300001,-5.5648256189999836,0,null],[105.24993310200007,-5.5648318249999642,0,null],[105.24992676900008,-5.5648379119999349,0,null],[105.24991895300006,-5.5648454239999348,0,null],[105.24991642900002,-5.5648500259999603,0,null],[105.24991609600009,-5.564855558999974,0,null],[105.24991607700008,-5.5648558689999108,0,null],[105.24991751700011,-5.56486254199993,0,null],[105.24992497000002,-5.5648839319999235,0,null],[105.24992603900002,-5.5648903339999203,0,null],[105.24992503300003,-5.5648957069999208,0,null],[105.2499216180001,-5.5648995009999682,0,null],[105.24991621400009,-5.5649024079999423,0,null],[105.24988524700011,-5.5649127829999125,0,null],[105.24987739000008,-5.5649170509999104,0,null],[105.24986962600006,-5.5649233539999878,0,null],[105.24986255500001,-5.5649310179999114,0,null],[105.24984295400007,-5.5649572079999468,0,null],[105.24983811600003,-5.5649627019999572,0,null],[105.24983524300006,-5.5649659639999607,0,null],[105.24982556200005,-5.5649743529999443,0,null],[105.24981549200002,-5.5649809089999538,0,null],[105.249783032,-5.5649990369999438,0,null],[105.24977266600003,-5.5650062800000102,0,null],[105.2497573480001,-5.5650195289999518,0,null],[105.2497519920001,-5.565026249999975,0,null],[105.24973086300012,-5.5650894159999611,0,null],[105.24972044200007,-5.56511575599992,0,null],[105.24971797000003,-5.565122002999904,0,null],[105.24971099900009,-5.5651367779999719,0,null],[105.2497038270001,-5.5651494279999527,0,null],[105.24969630000002,-5.5651597710000091,0,null],[105.24968816300006,-5.5651686849999473,0,null],[105.24966969800003,-5.565184673999938,0,null],[105.24966747300003,-5.5651862479999794,0,null],[105.24964947300005,-5.5651989809999671,0,null],[105.24962823400007,-5.5652118179999635,0,null],[105.24960624400003,-5.5652226609999724,0,null],[105.24959495800007,-5.5652269459999717,0,null],[105.24958468900012,-5.5652297909999406,0,null],[105.2495834410001,-5.5652301369999693,0,null],[105.24957150700008,-5.565232014999947,0,null],[105.24955940700006,-5.565232668000001,0,null],[105.2495351530001,-5.5652308419999388,0,null],[105.24951113600007,-5.5652250729999944,0,null],[105.24948856200007,-5.5652161119999635,0,null],[105.2494781880001,-5.5652104329999377,0,null],[105.24946872000002,-5.5652037899999209,0,null],[105.24946047000005,-5.565195951999983,0,null],[105.24945342600009,-5.5651863069999843,0,null],[105.24944767400005,-5.5651754569999747,0,null],[105.24943867400002,-5.5651514509999425,0,null],[105.24942087700006,-5.5650870509999431,0,null],[105.24941223200005,-5.5650624019999464,0,null],[105.24940679200004,-5.5650509329999744,0,null],[105.24940019500012,-5.5650403519998983,0,null],[105.24939223900009,-5.5650309279999179,0,null],[105.2493731600001,-5.5650145359999827,0,null],[105.24934015200004,-5.5649935959999377,0,null],[105.24930464100004,-5.5649757049999673,0,null],[105.24927995700003,-5.5649661769999783,0,null],[105.24925610700011,-5.5649599439999955,0,null],[105.24923179700005,-5.5649556589999962,0,null],[105.24920738200007,-5.5649528519999416,0,null],[105.2491831600001,-5.5649516469999307,0,null],[105.24915946600001,-5.5649527859999361,0,null],[105.24914795300003,-5.5649546650000028,0,null],[105.24913698100002,-5.5649575439999746,0,null],[105.24909420400012,-5.5649720899999346,0,null],[105.24908334300002,-5.5649744519999524,0,null],[105.24907185600004,-5.5649755719999563,0,null],[105.24906016000006,-5.5649755449999541,0,null],[105.24903632900003,-5.5649731509999336,0,null],[105.24895076700007,-5.5649575809998888,0,null],[105.2489125980001,-5.5649545539999048,0,null],[105.24886070300008,-5.5649552039999586,0,null],[105.24870467700003,-5.5649628459999692,0,null],[105.24867903800005,-5.5649629799999802,0,null],[105.24865388800001,-5.5649614539999428,0,null],[105.24862966200006,-5.5649567729999108,0,null],[105.24860817100004,-5.5649482040000011,0,null],[105.24858740600011,-5.5649369929999617,0,null],[105.24855876800005,-5.5649202069999051,0,null],[105.24854599600006,-5.5649127209999074,0,null],[105.24853531500005,-5.564907169999981,0,null],[105.24851161400005,-5.5648968060000117,0,null],[105.24846229900005,-5.564879800999937,0,null],[105.24839663100005,-5.5648596689999588,0,null],[105.24834939600004,-5.5648451879999152,0,null],[105.24832524200009,-5.5648359679999517,0,null],[105.24830254500007,-5.5648245539998955,0,null],[105.2482824520001,-5.5648100249999368,0,null],[105.24826463000005,-5.564793032999952,0,null],[105.24824950200004,-5.5647742009999925,0,null],[105.24824335300006,-5.5647640889999552,0,null],[105.24823851800002,-5.564753423999961,0,null],[105.248235106,-5.5647416249999617,0,null],[105.24823297400009,-5.5647293059999194,0,null],[105.24822836900006,-5.5646779019999295,0,null],[105.24822625300007,-5.5646650969999358,0,null],[105.2482191400001,-5.5646406289999542,0,null],[105.24820931900008,-5.5646166900000162,0,null],[105.24819800500003,-5.564593056999926,0,null],[105.24813009600011,-5.5644646129999566,0,null],[105.24811946600002,-5.5644412959998926,0,null],[105.24811140300007,-5.5644179659999162,0,null],[105.24810900100005,-5.5644062940000163,0,null],[105.24810821400007,-5.5643946179999384,0,null],[105.24810939700008,-5.5643827699999351,0,null],[105.24811602300009,-5.5643590359999253,0,null],[105.248134308,-5.5643112689999699,0,null],[105.24813775900012,-5.5642992339999511,0,null],[105.24813991000012,-5.5642871539999286,0,null],[105.24814039000007,-5.5642777249999478,0,null],[105.24813826200007,-5.564259091999916,0,null],[105.24813568600004,-5.5642500569999678,0,null],[105.24813135500003,-5.5642397760000053,0,null],[105.24812589000003,-5.5642298809999859,0,null],[105.24811258700008,-5.5642111609999469,0,null],[105.24809721700005,-5.5641940389999514,0,null],[105.24808899100007,-5.5641862729999305,0,null],[105.24807160600007,-5.5641731079999959,0,null],[105.2480624170001,-5.5641681889999441,0,null],[105.24803484500003,-5.5641592529999153,0,null],[105.24802589800001,-5.5641557879998951,0,null],[105.24801647200012,-5.5641504319999848,0,null],[105.2480075340001,-5.5641436579999572,0,null],[105.2479990050001,-5.5641357840000163,0,null],[105.24799083800004,-5.5641270539999157,0,null],[105.24797556800011,-5.5641076739999997,0,null],[105.24795741600012,-5.5640782489999632,0,null],[105.24794674500004,-5.5640528719999063,0,null],[105.24794234200003,-5.5640383279999464,0,null],[105.24793884900001,-5.5640230719999275,0,null],[105.24793435000008,-5.5639932669999483,0,null],[105.2479314870001,-5.5639520430000013,0,null],[105.24792660700005,-5.5639263749999204,0,null],[105.24791816300007,-5.5639019729999442,0,null],[105.24791082100008,-5.5638872279999676,0,null],[105.24790189300005,-5.5638730709999509,0,null],[105.24789181400011,-5.5638602199999534,0,null],[105.24788106000001,-5.5638493829999449,0,null],[105.24787011500008,-5.5638412619998947,0,null],[105.24785966200002,-5.5638357719999734,0,null],[105.24783737500005,-5.5638271349999693,0,null],[105.24781419000008,-5.5638205079999539,0,null],[105.24779087900002,-5.5638153379999702,0,null],[105.24776807200008,-5.5638117269999379,0,null],[105.24774649000007,-5.5638103460000012,0,null],[105.24772003700011,-5.5638107269999439,0,null],[105.24771015900009,-5.5638091329999897,0,null],[105.24768113099999,-5.5638021019999409,0,null],[105.24767153500009,-5.5638015989998992,0,null],[105.24766275000007,-5.5638029259999202,0,null],[105.24762666000002,-5.5638153809998849,0,null],[105.24761712600012,-5.5638174939999709,0,null],[105.24760686200007,-5.563818265999946,0,null],[105.24756392600007,-5.5638159199999295,0,null],[105.24755313800006,-5.5638165929999852,0,null],[105.24754255500008,-5.5638186749999798,0,null],[105.2475321620001,-5.5638218669999775,0,null],[105.24749424800008,-5.5638372889999212,0,null],[105.24748646100005,-5.5638396809999415,0,null],[105.24747986000004,-5.5638404739999183,0,null],[105.24747484200007,-5.5638389959999737,0,null],[105.24747161100007,-5.5638344289999511,0,null],[105.24747010000003,-5.5638273019998943,0,null],[105.24747053000007,-5.5638078759999745,0,null],[105.24747364300006,-5.5637843879998963,0,null],[105.24748685300008,-5.5637072039999937,0,null],[105.24748960900004,-5.5636829619999419,0,null],[105.24748983100007,-5.5636763290000149,0,null],[105.24748997900008,-5.5636718960000033,0,null],[105.24748930500002,-5.5636619269999779,0,null],[105.24748719900002,-5.5636534679998997,0,null],[105.24748315500004,-5.563647054999902,0,null],[105.2474772910001,-5.5636433229999485,0,null],[105.247469751,-5.5636414019999672,0,null],[105.24746098900007,-5.5636408540000106,0,null],[105.24744120300004,-5.563642594999977,0,null],[105.24742020900008,-5.5636466599999581,0,null],[105.247381778,-5.5636566739999873,0,null],[105.24737317900009,-5.5636575059999673,0,null],[105.24736345000009,-5.5636562899999555,0,null],[105.24735385400001,-5.5636533039999749,0,null],[105.24732631100004,-5.5636411929999499,0,null],[105.24731779300004,-5.5636384689999909,0,null],[105.24730979400009,-5.5636376869999262,0,null],[105.24730320600008,-5.5636390729999521,0,null],[105.24729973700006,-5.5636405699999871,0,null],[105.24727496400006,-5.5636512629999837,0,null],[105.24724669600002,-5.5636659379999545,0,null],[105.24724018100001,-5.5636682919999716,0,null],[105.24723375500011,-5.5636689129999342,0,null],[105.24722654800004,-5.5636669499999494,0,null],[105.24721931600007,-5.5636627249999551,0,null],[105.24718830100008,-5.5636367809999401,0,null],[105.24717941100005,-5.5636308549998938,0,null],[105.24714342400009,-5.5636149199999965,0,null],[105.24713343800006,-5.5636095679999089,0,null],[105.24709533600011,-5.5635855819999671,0,null],[105.24708607100006,-5.5635808469999306,0,null],[105.247076866,-5.5635774669999174,0,null],[105.24705685400004,-5.5635741649999995,0,null],[105.24704125900007,-5.5635701579999344,0,null],[105.2470339850001,-5.5635669539999357,0,null],[105.24702744100009,-5.5635627779999455,0,null],[105.24702195900008,-5.563557440999948,0,null],[105.24701723500004,-5.5635496469999248,0,null],[105.24701388800013,-5.5635404679999647,0,null],[105.2470114420001,-5.5635303150000128,0,null],[105.24700549200004,-5.563497133999932,0,null],[105.24700269900008,-5.5634860209999895,0,null],[105.24699880900003,-5.5634752739998996,0,null],[105.2469931590001,-5.5634645489999892,0,null],[105.24698617800004,-5.5634543489999446,0,null],[105.24697821300001,-5.5634445459999329,0,null],[105.24696033800004,-5.5634257469999762,0,null],[105.24688159000002,-5.5633533539999371,0,null],[105.24686325800009,-5.5633341309999453,0,null],[105.24685484300002,-5.5633239459999908,0,null],[105.24684742100003,-5.5633137219999442,0,null],[105.24683397000007,-5.5632922089999406,0,null],[105.24678575200008,-5.5632020379999405,0,null],[105.246765607,-5.5631700609999593,0,null],[105.24675031100007,-5.563151555999938,0,null],[105.24671712499999,-5.5631193199999354,0,null],[105.2467012980001,-5.5631027469999852,0,null],[105.24668727100001,-5.5630833789999814,0,null],[105.24668111900003,-5.5630723169999543,0,null],[105.24667040400003,-5.5630489989998901,0,null],[105.24662915300009,-5.562939023999939,0,null],[105.24661809000006,-5.5629163330000155,0,null],[105.24661158800005,-5.5629058599999484,0,null],[105.24660411300006,-5.5628962609999535,0,null],[105.24659528600003,-5.5628875739999453,0,null],[105.24658545500002,-5.5628797899999229,0,null],[105.24657489200004,-5.562872662999955,0,null],[105.24655234300003,-5.5628596809999467,0,null],[105.24650464600009,-5.5628360249999433,0,null],[105.24641948400006,-5.5627963789999493,0,null],[105.24638279900005,-5.5627803729999572,0,null],[105.24635815700013,-5.5627708309999671,0,null],[105.24633324800003,-5.5627631029999494,0,null],[105.2462964960001,-5.5627553289999279,0,null],[105.24627325100003,-5.5627489729999349,0,null],[105.24626253000012,-5.5627442229998971,0,null],[105.2462525160001,-5.5627378159999887,0,null],[105.24623443300003,-5.5627213359999574,0,null],[105.24620996400004,-5.5626915579998917,0,null],[105.24613355000011,-5.5625821839999903,0,null],[105.24611012500013,-5.5625505239999464,0,null],[105.2460936240001,-5.5625314079999635,0,null],[105.24608485600008,-5.5625230099999792,0,null],[105.2460755590001,-5.5625157919999149,0,null],[105.24606554100008,-5.5625101799999834,0,null],[105.24605478900008,-5.5625065519999497,0,null],[105.24604333200001,-5.5625044699999551,0,null],[105.24603135800001,-5.5625034909999629,0,null],[105.24595475900006,-5.5625045789999641,0,null],[105.2459176830001,-5.5625012809999577,0,null],[105.24589314300003,-5.5624972809998932,0,null],[105.24586890300006,-5.5624920309999917,0,null],[105.24584520400006,-5.5624851859999582,0,null],[105.24583367900009,-5.5624809119999599,0,null],[105.24581063000004,-5.562469912999938,0,null],[105.24578833500006,-5.5624570069999359,0,null],[105.24575561600001,-5.5624358849999647,0,null],[105.24572346600011,-5.5624138009999138,0,null],[105.24567254800007,-5.562376016999985,0,null],[105.2456546480001,-5.5623608109999703,0,null],[105.24563350600003,-5.5623403069999613,0,null],[105.24562644700008,-5.5623355580000124,0,null],[105.24561749100005,-5.5623325429999406,0,null],[105.2456074290001,-5.5623315059999436,0,null],[105.2455965880001,-5.5623320289999869,0,null],[105.24557360000006,-5.5623367769999357,0,null],[105.24556188200006,-5.5623408040000024,0,null],[105.2455387050001,-5.5623518149999365,0,null],[105.24551582800007,-5.562365231999892,0,null],[105.24549314800007,-5.5623798009999428,0,null],[105.24535824600009,-5.5624705769999041,0,null],[105.24533559900009,-5.5624840579999537,0,null],[105.24531270700005,-5.5624950779998885,0,null],[105.24530111200006,-5.562498968999944,0,null],[105.24528937500007,-5.5625012179999525,0,null],[105.24527863800007,-5.5625015069999764,0,null],[105.24526781500006,-5.5625003769999717,0,null],[105.24525697000006,-5.5624981259999631,0,null],[105.24523547000005,-5.5624910590000001,0,null],[105.24521473500003,-5.5624811999999837,0,null],[105.24519559700005,-5.5624684629999956,0,null],[105.24517762500007,-5.5624512779999948,0,null],[105.24513637000003,-5.5624044879999426,0,null],[105.24512742700009,-5.5623964649999893,0,null],[105.24511781300001,-5.5623895709999518,0,null],[105.24509831500008,-5.5623803469998991,0,null],[105.24505569300001,-5.5623671139999589,0,null],[105.24503337300003,-5.5623582569999366,0,null],[105.24501128500007,-5.5623456989999633,0,null],[105.24500111900002,-5.5623383069999734,0,null],[105.24499681800003,-5.5623345429999285,0,null],[105.24499175900006,-5.5623301140000061,0,null],[105.24498345100008,-5.5623209909999618,0,null],[105.24497652200003,-5.5623110619999396,0,null],[105.24497051300007,-5.5623003749999436,0,null],[105.24494956600003,-5.5622549850000071,0,null],[105.24493721300007,-5.5622336369999283,0,null],[105.24492122200007,-5.5622147119999612,0,null],[105.24489526000006,-5.5621881519999841,0,null],[105.24488747500004,-5.5621788399999241,0,null],[105.24488078200002,-5.5621688689999873,0,null],[105.24487588300006,-5.5621589529999662,0,null],[105.24487195300009,-5.5621484249999833,0,null],[105.2448570920001,-5.5620919209999267,0,null],[105.24484874800004,-5.5620697429999568,0,null],[105.24483753700008,-5.5620486849999908,0,null],[105.24482435400006,-5.5620289199999542,0,null],[105.24480952700007,-5.56201098299998,0,null],[105.24480143900011,-5.5620030469999451,0,null],[105.24479279500011,-5.5619960929999914,0,null],[105.24478346100005,-5.561990429999967,0,null],[105.24477357300012,-5.5619863709998976,0,null],[105.24476306800005,-5.5619834800000136,0,null],[105.24469501600001,-5.5619731989999623,0,null],[105.24464919100004,-5.5619602719999586,0,null],[105.24463838000013,-5.5619578559999363,0,null],[105.24462793700006,-5.5619566629999264,0,null],[105.24461797600013,-5.5619572829999777,0,null],[105.24460888700008,-5.5619600769999424,0,null],[105.24460040100008,-5.5619647209999714,0,null],[105.24459257200006,-5.5619708049999419,0,null],[105.24458551000001,-5.5619780269999177,0,null],[105.24457939300004,-5.5619861779999704,0,null],[105.24457447100008,-5.5619951269999115,0,null],[105.24457108500006,-5.5620048140000025,0,null],[105.2445694780001,-5.5620154829999082,0,null],[105.2445693990001,-5.5620267159999495,0,null],[105.24457210800006,-5.5620502499999427,0,null],[105.2445801010001,-5.5620989509999754,0,null],[105.24458097700008,-5.5621111189999164,0,null],[105.24458075300006,-5.5621231899999382,0,null],[105.24457907200011,-5.5621355099999805,0,null],[105.24457230200008,-5.5621597789999457,0,null],[105.24455709700005,-5.5621953009999539,0,null],[105.2445382170001,-5.5622288679999778,0,null],[105.24452336900002,-5.5622486689999286,0,null],[105.24451491000012,-5.5622571219999175,0,null],[105.24450693700008,-5.562263280999983,0,null],[105.24449837200008,-5.5622683449999579,0,null],[105.24448930800004,-5.5622722149999229,0,null],[105.24447981000006,-5.5622747239999528,0,null],[105.24446802600006,-5.5622757959999527,0,null],[105.24445587300004,-5.5622752489999963,0,null],[105.24444351500007,-5.5622736139999498,0,null],[105.24439524900008,-5.5622641479999659,0,null],[105.24438449900008,-5.5622628159999445,0,null],[105.24437488299999,-5.5622626699999325,0,null],[105.24436819500006,-5.5622639519999497,0,null],[105.24436687300005,-5.5622642049999707,0,null],[105.24436135900002,-5.5622673519999646,0,null],[105.24435754300006,-5.562271577999959,0,null],[105.24435540100006,-5.5622761219999797,0,null],[105.24435503800004,-5.5622802359999648,0,null],[105.24435668900009,-5.56228315699994,0,null],[105.2443601420001,-5.562284302999946,0,null],[105.24437289900001,-5.5622838909999119,0,null],[105.24438670200009,-5.5622834459999639,0,null],[105.24439683600012,-5.5622846399999739,0,null],[105.24445480200004,-5.5622980509999289,0,null],[105.24447951400003,-5.5623010880000026,0,null],[105.24451705100003,-5.5623040259999792,0,null],[105.2445414380001,-5.5623076030000087,0,null],[105.24455314800009,-5.5623107269999119,0,null],[105.24456469100006,-5.5623152499999309,0,null],[105.2445864890001,-5.5623274549999637,0,null],[105.24460666000007,-5.56234255899997,0,null],[105.24462467100005,-5.562359888999894,0,null],[105.24463245000008,-5.5623694239999724,0,null],[105.24463904,-5.5623796629999314,0,null],[105.24464396200005,-5.5623901319999982,0,null],[105.24465058600006,-5.5624125929999915,0,null],[105.24465148900005,-5.5624190119999897,0,null],[105.24465388300007,-5.5624360189999758,0,null],[105.24465394000008,-5.5624593349999509,0,null],[105.24465244300005,-5.5624706069999954,0,null],[105.24464959100007,-5.5624814019999116,0,null],[105.24464472200003,-5.5624923430000175,0,null],[105.24463825600012,-5.5625024849999685,0,null],[105.2446304800001,-5.5625117579999364,0,null],[105.24462155900007,-5.5625200109999087,0,null],[105.24461154600003,-5.562526998999954,0,null],[105.24460074600003,-5.5625323999999567,0,null],[105.24457700900011,-5.5625400029999641,0,null],[105.24455169000005,-5.5625448339999197,0,null],[105.24452575000004,-5.5625477209998921,0,null],[105.24449983900003,-5.5625485679999622,0,null],[105.24448689700003,-5.562547972999913,0,null],[105.24446196300009,-5.5625444689998895,0,null],[105.2444502750001,-5.5625413759999889,0,null],[105.2444393860001,-5.5625371339999932,0,null],[105.24442973700009,-5.5625317879999061,0,null],[105.24438718800003,-5.5625016249998973,0,null],[105.24438315100005,-5.5624970859999658,0,null],[105.24438026500009,-5.5624911629999199,0,null],[105.24437884600006,-5.5624845499999944,0,null],[105.24437954300002,-5.562470880000018,0,null],[105.24438139300008,-5.5624646099999433,0,null],[105.24438867500007,-5.5624491939999112,0,null],[105.24439021200001,-5.5624418209999229,0,null],[105.24439061500006,-5.562433584999952,0,null],[105.24439008100009,-5.5624249499999481,0,null],[105.24438669600008,-5.5624083159999929,0,null],[105.24438395100012,-5.5624013009999453,0,null],[105.24438048100011,-5.5623959129999436,0,null],[105.24437619900002,-5.5623928459999563,0,null],[105.24437112900004,-5.5623925600000215,0,null],[105.24435148800011,-5.5623996309999848,0,null],[105.24434358000006,-5.5624015699999676,0,null],[105.24433514200008,-5.5624019940000027,0,null],[105.24432635800007,-5.5624010239999224,0,null],[105.24431757700005,-5.5623988779999225,0,null],[105.24430915900007,-5.5623957039999263,0,null],[105.24430149200005,-5.5623915819999405,0,null],[105.24429501900005,-5.5623865279999665,0,null],[105.24429026300001,-5.5623804940000001,0,null],[105.24428762700006,-5.5623732869999367,0,null],[105.24428708600001,-5.562365473999912,0,null],[105.24428839600003,-5.5623575519999671,0,null],[105.2442914380001,-5.5623500029999642,0,null],[105.24429577500011,-5.5623434989999589,0,null],[105.2443106810001,-5.5623253419999665,0,null],[105.2443138830001,-5.5623186549999462,0,null],[105.24431515400002,-5.5623104629999789,0,null],[105.24431440400005,-5.562301574999954,0,null],[105.24431208500003,-5.5622923259999881,0,null],[105.2443085350001,-5.5622830329999298,0,null],[105.24429866000008,-5.5622656059999089,0,null],[105.24429261500002,-5.5622581829999165,0,null],[105.24427457700004,-5.5622417909999813,0,null],[105.24427045900006,-5.5622361879999618,0,null],[105.24426829000005,-5.5622300629999879,0,null],[105.24426573200012,-5.5622033429999975,0,null],[105.2442634280001,-5.5621978989999912,0,null],[105.24425927700011,-5.562193648999906,0,null],[105.24425365200008,-5.5621906119999212,0,null],[105.24424708000008,-5.5621887319999432,0,null],[105.24424003000011,-5.5621880319999741,0,null],[105.24423293400007,-5.5621886129999334,0,null],[105.24422620800004,-5.5621906570000137,0,null],[105.24420069600006,-5.5622074529998935,0,null],[105.24418116200005,-5.5622164489999273,0,null],[105.24415917800009,-5.5622238829999207,0,null],[105.24414774300003,-5.5622267999999844,0,null],[105.24412476500008,-5.5622302350000021,0,null],[105.24411353200013,-5.5622302519999147,0,null],[105.24410215500008,-5.5622286719999616,0,null],[105.24409147700008,-5.5622256079999746,0,null],[105.24408181000008,-5.5622212399999684,0,null],[105.24407356300011,-5.5622156429999494,0,null],[105.24406711300011,-5.5622089419999279,0,null],[105.24406242400008,-5.5622017539999549,0,null],[105.24405945700001,-5.5621947979999122,0,null],[105.244058319,-5.5621888059999494,0,null],[105.24405926300008,-5.5621845619999535,0,null],[105.24406218800006,-5.5621826669999743,0,null],[105.24407676200011,-5.5621818339999054,0,null],[105.24408140500005,-5.5621803559999607,0,null],[105.24408441100012,-5.5621777559999233,0,null],[105.24408636000001,-5.5621740919999754,0,null],[105.24408696000006,-5.5621696789999655,0,null],[105.24408601500008,-5.5621653399999618,0,null],[105.24408571000005,-5.5621639409999348,0,null],[105.24408280600008,-5.5621577789999579,0,null],[105.24406407900004,-5.5621316689999292,0,null],[105.24405804200006,-5.5621257439999718,0,null],[105.24405037100006,-5.5621209779999328,0,null],[105.24401120900011,-5.5621047859999253,0,null],[105.24399214700013,-5.5620921319999441,0,null],[105.24396507900011,-5.5620677269999677,0,null],[105.24390427700004,-5.5620049549999253,0,null],[105.24385990500011,-5.5619655179999485,0,null],[105.24383664900004,-5.5619375009999397,0,null],[105.2438286110001,-5.5619298449999279,0,null],[105.24381020400008,-5.5619159239999307,0,null],[105.24375846600006,-5.5618840889999612,0,null],[105.24373808100006,-5.5618705719999975,0,null],[105.24371943700002,-5.561855174999967,0,null],[105.24370259200006,-5.5618357349999572,0,null],[105.24368778200008,-5.5618141589999484,0,null],[105.24364669900005,-5.5617455439999555,0,null],[105.24363226400001,-5.5617231279999659,0,null],[105.24361661700004,-5.5617020069999947,0,null],[105.24357583700005,-5.5616533159999628,0,null],[105.24356235400009,-5.5616342429999834,0,null],[105.24355720000001,-5.5616246889999035,0,null],[105.24354485200006,-5.5615935329999902,0,null],[105.24352860900005,-5.5615733219999166,0,null],[105.24351100300001,-5.5615446039999386,0,null],[105.24350783500002,-5.5615386309999773,0,null],[105.24349882000007,-5.5615157979999532,0,null],[105.24348461800005,-5.5614994609999338,0,null],[105.2434658980001,-5.5614727769999464,0,null],[105.24344852700008,-5.5614530259999997,0,null],[105.24342453900006,-5.5614122439999116,0,null],[105.24341631800009,-5.5613898349999227,0,null],[105.24341117600001,-5.5613817759999664,0,null],[105.24340449600008,-5.5613737930000164,0,null],[105.2433724910001,-5.5613415349999231,0,null],[105.24336543400005,-5.5613330839999344,0,null],[105.24335973200002,-5.5613243239999202,0,null],[105.2433563930001,-5.5613170339999387,0,null],[105.24334911200003,-5.5612959449999702,0,null],[105.24334008800008,-5.5612776599999671,0,null],[105.24333481600009,-5.5612608119999054,0,null],[105.24333016400006,-5.5612541209999735,0,null],[105.24331569800002,-5.5612406399999239,0,null],[105.24329747800002,-5.5612274679999887,0,null],[105.24326327800013,-5.5612064369999361,0,null],[105.24325315500009,-5.5611989249999363,0,null],[105.24324790200009,-5.561192178999911,0,null],[105.24324372400011,-5.56118430399997,0,null],[105.24323333200005,-5.5611592189999373,0,null],[105.24322917200006,-5.5611522229999801,0,null],[105.24322386800006,-5.5611470159999934,0,null],[105.243216793,-5.5611441449999335,0,null],[105.24320830800011,-5.5611434099999615,0,null],[105.24319875300003,-5.5611442889999454,0,null],[105.24317744200003,-5.5611493539999204,0,null],[105.24314880100006,-5.5611595579999653,0,null],[105.24313158000007,-5.5611262269999608,0,null],[105.24298881300007,-5.5607693090000057,0,null],[105.24284604400006,-5.5604980519999438,0,null],[105.24272469100006,-5.5603445759999461,0,null],[105.24238561900007,-5.559937687999942,0,null],[105.2422250060001,-5.5597699350000065,0,null],[105.24207357500009,-5.5593555120000007,0,null],[105.24197870900007,-5.5591997729999045,0,null],[105.24186993200003,-5.5590301079999884,0,null],[105.24180667300004,-5.558888285999978,0,null],[105.24179651999999,-5.558792038000008,0,null],[105.24180369000005,-5.5586963469999953,0,null],[105.24180657700003,-5.5586577860000022,0,null],[105.24185450200009,-5.5583918009999325,0,null],[105.24185163700012,-5.5583585529999349,0,null],[105.24183418300001,-5.5581562439999823,0,null],[105.24171778300006,-5.5578903249999181,0,null],[105.24158648700003,-5.5576342299999562,0,null],[105.24152043700008,-5.5575053909999541,0,null],[105.2414209340001,-5.5572963619998896,0,null],[105.24129018500011,-5.5570216879999892,0,null],[105.24109535300008,-5.5566012899999331,0,null],[105.24105278300001,-5.5564898209999471,0,null],[105.24105231200006,-5.5564885819999335,0,null],[105.24094350700003,-5.5562036749999857,0,null],[105.240771448,-5.5558313949999141,0,null],[105.24058422800006,-5.555479385999921,0,null],[105.24050465800005,-5.5553646129999281,0,null],[105.24034898200004,-5.5551400599999115,0,null],[105.24028613500009,-5.5550349239999166,0,null],[105.24016430800005,-5.5548311119999285,0,null],[105.23998556900008,-5.5544250399999919,0,null],[105.23989788600002,-5.5543000219999508,0,null],[105.23984247000006,-5.5542210109998971,0,null],[105.239669054,-5.5540625899999343,0,null],[105.23938516900006,-5.5540105989999846,0,null],[105.23901034700005,-5.5538927809999175,0,null],[105.23889538600012,-5.5538566459999474,0,null],[105.23873498400009,-5.5537286139999233,0,null],[105.23857023000004,-5.5535571609999481,0,null],[105.23839682700009,-5.5534313049999264,0,null],[105.23815714000006,-5.553378458999906,0,null],[105.23812160500005,-5.5533706229999682,0,null],[105.23767082200006,-5.5534272559999467,0,null],[105.23740359200006,-5.5534794699999148,0,null],[105.23706564500007,-5.5537082979999299,0,null],[105.23689612900009,-5.5538612849998872,0,null],[105.23689235600004,-5.5538646879999911,0,null],[105.23675514600005,-5.5539371149999441,0,null],[105.2367407290001,-5.5540080449999509,0,null],[105.23678412000005,-5.5541397429999231,0,null],[105.23673504800007,-5.5542512129999091,0,null],[105.23661227600005,-5.5542990279999573,0,null],[105.23651816500008,-5.5543239509999767,0,null],[105.23651537800002,-5.554324689999949,0,null],[105.23650827400006,-5.554326570999927,0,null],[105.23635659700003,-5.5543382110000019,0,null],[105.23627135200007,-5.5543049540000036,0,null],[105.23606041400004,-5.5542399029999503,0,null],[105.23583072300003,-5.5542428909999311,0,null],[105.23568337500011,-5.5542472919999399,0,null],[105.23549843400008,-5.5541692049999627,0,null],[105.23534526100011,-5.5540549189999213,0,null],[105.23523879200009,-5.5539754399999177,0,null],[105.2352207150001,-5.553925691999976,0,null],[105.23516875800007,-5.5538216769999851,0,null],[105.23508521500008,-5.5537538639999697,0,null],[105.23495202400008,-5.5537109459999714,0,null],[105.23466028300001,-5.5536407250000233,0,null],[105.23447949200006,-5.5535972079998865,0,null],[105.23435353500011,-5.5535809739999644,0,null],[105.23428445200008,-5.5535484339999366,0,null],[105.23421399900012,-5.5534765439999392,0,null],[105.2341644360001,-5.5534362919999838,0,null],[105.23413984900012,-5.5534163259999305,0,null],[105.23402598200002,-5.5533787379999291,0,null],[105.23388865000003,-5.5533705589999629,0,null],[105.23385728400009,-5.5533795539999078,0,null],[105.23368326800008,-5.55342944299995,0,null],[105.233547114,-5.5534271449999375,0,null],[105.23345788100008,-5.5533554419999556,0,null],[105.23339250700009,-5.553305575000004,0,null],[105.2333839130001,-5.5532990219999947,0,null],[105.23323719500003,-5.553297903999991,0,null],[105.23309402400008,-5.5533602899999126,0,null],[105.23302950900008,-5.553463805999951,0,null],[105.23298026800009,-5.5536037729999856,0,null],[105.23293334900002,-5.5536837619999426,0,null],[105.23282133400008,-5.5537416709999379,0,null],[105.23281952000011,-5.5537426089999267,0,null],[105.23268981900013,-5.5537875739999167,0,null],[105.23265991200005,-5.5537979429999753,0,null],[105.23259535500004,-5.5537944399999519,0,null],[105.23243100900002,-5.5537404079999222,0,null],[105.23215506000011,-5.5536466319998903,0,null],[105.23182927600007,-5.5534986699999935,0,null],[105.23166727500008,-5.5534328769999677,0,null],[105.23166562900012,-5.5534321189999938,0,null],[105.23148883400006,-5.553350624000001,0,null],[105.23141368900005,-5.5532847959999723,0,null],[105.23137374300003,-5.5531860249999712,0,null],[105.23134084700007,-5.5531037149999998,0,null],[105.23126459400007,-5.5530274259999937,0,null],[105.2309590470001,-5.5529917229999706,0,null],[105.23083176400004,-5.5529257699999315,0,null],[105.23082087800012,-5.5529201289999977,0,null],[105.23081759400011,-5.5528321999999166,0,null],[105.23086469200011,-5.5527523919999746,0,null],[105.23084515600009,-5.5526628399999369,0,null],[105.23071025400012,-5.5526352109999602,0,null],[105.23062408200009,-5.5525342869999585,0,null],[105.23059967700003,-5.5524642769999391,0,null],[105.23053786900006,-5.5523324049999525,0,null],[105.23044357800008,-5.5522526519999262,0,null],[105.23035419400006,-5.5522543159999751,0,null],[105.23025834000003,-5.5523357699999645,0,null],[105.23020473900003,-5.5524139509999495,0,null],[105.23012999000007,-5.552436777999973,0,null],[105.23006495000001,-5.5523505009999399,0,null],[105.23004376400004,-5.552195815999931,0,null],[105.2300713130001,-5.5519955179999672,0,null],[105.23014276400006,-5.5518505669999643,0,null],[105.23019795900009,-5.5516925949999498,0,null],[105.23018497900009,-5.5516758379998956,0,null],[105.23013617100004,-5.5516128309999226,0,null],[105.23001590800004,-5.5516112489999694,0,null],[105.22986898500005,-5.5516536309999234,0,null],[105.22984683900009,-5.5516758369999843,0,null],[105.2297514520001,-5.5517714879999049,0,null],[105.22952631700012,-5.5520573109999285,0,null],[105.22932751400002,-5.5523097039999394,0,null],[105.22919524000008,-5.5524855309999213,0,null],[105.22913349800004,-5.5525676019999617,0,null],[105.228835631,-5.552780306999975,0,null],[105.22856031100004,-5.5529296789998996,0,null],[105.22832108400006,-5.5530202369999317,0,null],[105.22828475700007,-5.5530279739999502,0,null],[105.22787419600012,-5.5531153949999892,0,null],[105.2276484880001,-5.5531471449999517,0,null],[105.22759324500005,-5.5531167629999247,0,null],[105.22736569400006,-5.5529922030000103,0,null],[105.22665165200004,-5.5526350339999455,0,null],[105.22611615600005,-5.5524565159999186,0,null],[105.22550929800011,-5.5523495149999471,0,null],[105.22511666600005,-5.552385408999986,0,null],[105.22472408700007,-5.5525642799999533,0,null],[105.22418866,-5.5525644829999701,0,null],[105.22368893000004,-5.5525646719999857,0,null],[105.22283224600004,-5.5525649959999237,0,null],[105.22208266200001,-5.5526010219999735,0,null],[105.22057277600004,-5.5524750309999407,0,null],[105.21921168400004,-5.5512274979999257,0,null],[105.21865117800003,-5.5506056099998959,0,null],[105.21839889500004,-5.5501954239999742,0,null],[105.21824102200011,-5.5494064839999782,0,null],[105.21814614800009,-5.5485228409999623,0,null],[105.21798821000007,-5.5475445410000193,0,null],[105.21783043900007,-5.5470396399999879,0,null],[105.21764121700005,-5.5466925509999578,0,null],[105.21735749000003,-5.5464717349999839,0,null],[105.21679012900006,-5.5462825819999653,0,null],[105.2161282320001,-5.5461250249999852,0,null],[105.2156238350001,-5.5457464889999288,0,null],[105.21543462400008,-5.5454309609999344,0,null],[105.215371465,-5.5450838219999889,0,null],[105.21537137400009,-5.5448313429999709,0,null],[105.21565492500011,-5.5445787579999442,0,null],[105.21606457700007,-5.5444208109999318,0,null],[105.2165372970001,-5.5443575179999351,0,null],[105.21716760700012,-5.5443257269999693,0,null],[105.21767185200009,-5.5442939829999185,0,null],[105.21839670000011,-5.544230594999914,0,null],[105.21893241300003,-5.5440725969999862,0,null],[105.21937358100003,-5.5439146329999724,0,null],[105.21972021300012,-5.5437882669999974,0,null],[105.21978315000008,-5.5435357629999773,0,null],[105.2196254660001,-5.5432517810000173,0,null],[105.21924712400005,-5.5428416409999217,0,null],[105.21886879000002,-5.5424630639999508,0,null],[105.21864804100004,-5.542084427999975,0,null],[105.21855331800002,-5.5416110629999773,0,null],[105.21855320200009,-5.5412954629998881,0,null],[105.21858463400012,-5.5410745319999046,0,null],[105.21883669200011,-5.5408850779999499,0,null],[105.21930943200006,-5.5408849029999354,0,null],[105.21990831800005,-5.5411056009999884,0,null],[105.22038110199999,-5.5412316629999383,0,null],[105.22088535700006,-5.5412314749999227,0,null],[105.22132648700006,-5.5409788329999801,0,null],[105.22160998600006,-5.5406000069999886,0,null],[105.2218304470001,-5.5401896459999636,0,null],[105.22205090300004,-5.5397792829999384,0,null],[105.22246047800009,-5.5394319699999786,0,null],[105.22290166400009,-5.5393371239999469,0,null],[105.22331138100006,-5.5393685299999698,0,null],[105.2236896940001,-5.5396839879999584,0,null],[105.22403650900011,-5.5400625759999302,0,null],[105.22428864700001,-5.5400940399999579,0,null],[105.22472986900002,-5.540093872999944,0,null],[105.22507648100009,-5.5399359409999329,0,null],[105.22551769200001,-5.5399042129999723,0,null],[105.22602194600007,-5.5399040219999565,0,null],[105.22652627200006,-5.5400931879999762,0,null],[105.22681002300008,-5.5403771199999321,0,null],[105.22712529000006,-5.5406610389998869,0,null]]},"properties":{"FID":0,"LEFT_FID":-1,"RIGHT_FID":0}}]}